[{"model": "admin.logentry", 
"pk": 1, 
"fields": {"action_time": "2025-11-19T16:20:49.084Z", 
"user": 1,
 "content_type": 11,
  "object_id": "1", 
  "object_repr": "Semester 3",
   "action_flag": 1,
    "change_message": "[{\"added\": {}}]"}}, 
    {"model": "admin.logentry", "pk": 2,
     "fields": {"action_time": "2025-11-19T16:20:54.756Z",
      "user": 1, 
      "content_type": 11,
       "object_id": "2", 
       "object_repr": "Semester 5", 
       "action_flag": 1,
        "change_message": "[{\"added\": {}}]"}},
         {"model": "admin.logentry", "pk": 3, "fields": {"action_time": "2025-11-19T16:20:57.127Z", "user": 1, "content_type": 11, "object_id": "3", "object_repr": "Semester 7", "action_flag": 1, "change_message": "[{\"added\": {}}]"}}, {"model": "admin.logentry", "pk": 4, "fields": {"action_time": "2025-11-19T16:29:03.469Z", "user": 1, "content_type": 9, "object_id": "1", "object_repr": "Exam Day 2025-12-15", "action_flag": 1, "change_message": "[{\"added\": {}}]"}}, {"model": "admin.logentry", "pk": 5, "fields": {"action_time": "2025-11-19T16:29:12.893Z", "user": 1, "content_type": 9, "object_id": "2", "object_repr": "Exam Day 2025-12-16", "action_flag": 1, "change_message": "[{\"added\": {}}]"}}, {"model": "admin.logentry", "pk": 6, "fields": {"action_time": "2025-11-19T16:29:21.410Z", "user": 1, "content_type": 9, "object_id": "3", "object_repr": "Exam Day 2025-12-17", "action_flag": 1, "change_message": "[{\"added\": {}}]"}}, {"model": "admin.logentry", "pk": 7, "fields": {"action_time": "2025-11-24T17:59:02.295Z", "user": 1, "content_type": 13, "object_id": "1", "object_repr": "Database Management System (Sem 5)", "action_flag": 1, "change_message": "[{\"added\": {}}]"}}, {"model": "admin.logentry", "pk": 8, "fields": {"action_time": "2025-11-24T17:59:14.166Z", "user": 1, "content_type": 13, "object_id": "2", "object_repr": "Computer Networks (Sem 5)", "action_flag": 1, "change_message": "[{\"added\": {}}]"}}, {"model": "admin.logentry", "pk": 9, "fields": {"action_time": "2025-11-24T17:59:26.992Z", "user": 1, "content_type": 13, "object_id": "3", "object_repr": "Digital image processing (Sem 5)", "action_flag": 1, "change_message": "[{\"added\": {}}]"}}, {"model": "admin.logentry", "pk": 10, "fields": {"action_time": "2025-11-24T17:59:44.339Z", "user": 1, "content_type": 13, "object_id": "4", "object_repr": "Software Engineering (Sem 5)", "action_flag": 1, "change_message": "[{\"added\": {}}]"}}, {"model": "admin.logentry", "pk": 11, "fields": {"action_time": "2025-11-24T18:00:14.134Z", "user": 1, "content_type": 13, "object_id": "5", "object_repr": "Research Methodology and IPR (Sem 5)", "action_flag": 1, "change_message": "[{\"added\": {}}]"}}, {"model": "admin.logentry", "pk": 12, "fields": {"action_time": "2025-11-24T18:00:27.886Z", "user": 1, "content_type": 13, "object_id": "6", "object_repr": "Environmental Studies (Sem 5)", "action_flag": 1, "change_message": "[{\"added\": {}}]"}}, {"model": "admin.logentry", "pk": 13, "fields": {"action_time": "2025-11-24T18:02:05.994Z", "user": 1, "content_type": 13, "object_id": "7", "object_repr": "Data Structures And Applications (Sem 3)", "action_flag": 1, "change_message": "[{\"added\": {}}]"}}, {"model": "admin.logentry", "pk": 14, "fields": {"action_time": "2025-11-24T18:02:23.344Z", "user": 1, "content_type": 13, "object_id": "8", "object_repr": "Engineering Mathematics - III (Sem 3)", "action_flag": 1, "change_message": "[{\"added\": {}}]"}}, {"model": "admin.logentry", "pk": 15, "fields": {"action_time": "2025-11-24T18:02:53.138Z", "user": 1, "content_type": 13, "object_id": "9", "object_repr": "Digital Systems and Computer Architecture (Sem 3)", "action_flag": 1, "change_message": "[{\"added\": {}}]"}}, {"model": "admin.logentry", "pk": 16, "fields": {"action_time": "2025-11-24T18:03:03.715Z", "user": 1, "content_type": 13, "object_id": "10", "object_repr": "Operating Systems (Sem 3)", "action_flag": 1, "change_message": "[{\"added\": {}}]"}}, {"model": "admin.logentry", "pk": 17, "fields": {"action_time": "2025-11-24T18:03:25.451Z", "user": 1, "content_type": 13, "object_id": "11", "object_repr": "Discrete Structures in Computer Science (Sem 3)", "action_flag": 1, "change_message": "[{\"added\": {}}]"}}, {"model": "admin.logentry", "pk": 18, "fields": {"action_time": "2025-11-24T18:04:01.248Z", "user": 1, "content_type": 13, "object_id": "12", "object_repr": "Universal Human Values - I (Sem 3)", "action_flag": 1, "change_message": "[{\"added\": {}}]"}}, {"model": "admin.logentry", "pk": 19, "fields": {"action_time": "2025-11-24T18:04:46.524Z", "user": 1, "content_type": 13, "object_id": "13", "object_repr": "Cryptography and Network Security (Sem 7)", "action_flag": 1, "change_message": "[{\"added\": {}}]"}}, {"model": "admin.logentry", "pk": 20, "fields": {"action_time": "2025-11-24T18:05:04.042Z", "user": 1, "content_type": 13, "object_id": "14", "object_repr": "Distributed System and Applications (Sem 7)", "action_flag": 1, "change_message": "[{\"added\": {}}]"}}, {"model": "admin.logentry", "pk": 21, "fields": {"action_time": "2025-11-24T18:05:22.531Z", "user": 1, "content_type": 13, "object_id": "15", "object_repr": "Natural Language Processing (Sem 7)", "action_flag": 1, "change_message": "[{\"added\": {}}]"}}, {"model": "admin.logentry", "pk": 22, "fields": {"action_time": "2025-11-24T18:05:34.382Z", "user": 1, "content_type": 13, "object_id": "16", "object_repr": "Software Testing (Sem 7)", "action_flag": 1, "change_message": "[{\"added\": {}}]"}}, {"model": "admin.logentry", "pk": 23, "fields": {"action_time": "2025-11-24T18:05:48.444Z", "user": 1, "content_type": 13, "object_id": "17", "object_repr": "Blockchain Technology (Sem 7)", "action_flag": 1, "change_message": "[{\"added\": {}}]"}}, {"model": "admin.logentry", "pk": 24, "fields": {"action_time": "2025-11-24T18:07:18.739Z", "user": 1, "content_type": 11, "object_id": "2", "object_repr": "Semester 5", "action_flag": 2, "change_message": "[]"}}, {"model": "admin.logentry", "pk": 25, "fields": {"action_time": "2025-11-24T18:07:25.588Z", "user": 1, "content_type": 11, "object_id": "2", "object_repr": "Semester 5", "action_flag": 2, "change_message": "[]"}}, {"model": "admin.logentry", "pk": 26, "fields": {"action_time": "2025-11-24T18:08:21.200Z", "user": 1, "content_type": 10, "object_id": "1", "object_repr": "Database Management System on 2025-12-15 (8:00 am - 9:00am)", "action_flag": 1, "change_message": "[{\"added\": {}}]"}}, {"model": "admin.logentry", "pk": 27, "fields": {"action_time": "2025-11-24T18:08:57.342Z", "user": 1, "content_type": 10, "object_id": "2", "object_repr": "Computer Networks on 2025-12-15 (11:00am - 12:00 pm)", "action_flag": 1, "change_message": "[{\"added\": {}}]"}}, {"model": "admin.logentry", "pk": 28, "fields": {"action_time": "2025-11-24T18:10:01.611Z", "user": 1, "content_type": 10, "object_id": "3", "object_repr": "Data Structures And Applications on 2025-12-15 (8:00am - 9:00am)", "action_flag": 1, "change_message": "[{\"added\": {}}]"}}, {"model": "admin.logentry", "pk": 29, "fields": {"action_time": "2025-11-24T18:10:30.538Z", "user": 1, "content_type": 10, "object_id": "4", "object_repr": "Universal Human Values - I on 2025-12-15 (11:00am - 12:00pm)", "action_flag": 1, "change_message": "[{\"added\": {}}]"}}, {"model": "admin.logentry", "pk": 30, "fields": {"action_time": "2025-11-24T18:10:54.567Z", "user": 1, "content_type": 10, "object_id": "5", "object_repr": "Engineering Mathematics - III on 2025-12-15 (3:00pm - 4:00pm)", "action_flag": 1, "change_message": "[{\"added\": {}}]"}}, {"model": "admin.logentry", "pk": 31, "fields": {"action_time": "2025-11-24T18:12:02.016Z", "user": 1, "content_type": 10, "object_id": "6", "object_repr": "Digital image processing on 2025-12-16 (8:00am - 9:00am)", "action_flag": 1, "change_message": "[{\"added\": {}}]"}}, {"model": "admin.logentry", "pk": 32, "fields": {"action_time": "2025-11-24T18:12:29.966Z", "user": 1, "content_type": 10, "object_id": "7", "object_repr": "Software Engineering on 2025-12-16 (11:00am - 12:00pm)", "action_flag": 1, "change_message": "[{\"added\": {}}]"}}, {"model": "admin.logentry", "pk": 33, "fields": {"action_time": "2025-11-24T18:13:18.125Z", "user": 1, "content_type": 10, "object_id": "8", "object_repr": "Digital Systems and Computer Architecture on 2025-12-16 (8:00am - 9:00am)", "action_flag": 1, "change_message": "[{\"added\": {}}]"}}, {"model": "admin.logentry", "pk": 34, "fields": {"action_time": "2025-11-24T18:13:36.796Z", "user": 1, "content_type": 10, "object_id": "9", "object_repr": "Operating Systems on 2025-12-16 (11:00am - 12:00pm)", "action_flag": 1, "change_message": "[{\"added\": {}}]"}}, {"model": "admin.logentry", "pk": 35, "fields": {"action_time": "2025-11-24T18:14:24.682Z", "user": 1, "content_type": 10, "object_id": "10", "object_repr": "Research Methodology and IPR on 2025-12-17 (8:00am - 9:00am)", "action_flag": 1, "change_message": "[{\"added\": {}}]"}}, {"model": "admin.logentry", "pk": 36, "fields": {"action_time": "2025-11-24T18:14:42.297Z", "user": 1, "content_type": 10, "object_id": "11", "object_repr": "Environmental Studies on 2025-12-17 (11:00am - 12:00pm)", "action_flag": 1, "change_message": "[{\"added\": {}}]"}}, {"model": "admin.logentry", "pk": 37, "fields": {"action_time": "2025-11-24T18:15:30.177Z", "user": 1, "content_type": 10, "object_id": "12", "object_repr": "Discrete Structures in Computer Science on 2025-12-17 (8:00am - 9:00am)", "action_flag": 1, "change_message": "[{\"added\": {}}]"}}, {"model": "admin.logentry", "pk": 38, "fields": {"action_time": "2025-11-24T18:16:29.279Z", "user": 1, "content_type": 10, "object_id": "13", "object_repr": "Cryptography and Network Security on 2025-12-15 (10:00am - 11:00am)", "action_flag": 1, "change_message": "[{\"added\": {}}]"}}, {"model": "admin.logentry", "pk": 39, "fields": {"action_time": "2025-11-24T18:16:54.782Z", "user": 1, "content_type": 10, "object_id": "14", "object_repr": "Distributed System and Applications on 2025-12-15 (2:00pm - 3:00pm)", "action_flag": 1, "change_message": "[{\"added\": {}}]"}}, {"model": "admin.logentry", "pk": 40, "fields": {"action_time": "2025-11-24T18:17:15.069Z", "user": 1, "content_type": 10, "object_id": "15", "object_repr": "Natural Language Processing on 2025-12-16 (10:am - 11:00am)", "action_flag": 1, "change_message": "[{\"added\": {}}]"}}, {"model": "admin.logentry", "pk": 41, "fields": {"action_time": "2025-11-24T18:17:33.451Z", "user": 1, "content_type": 10, "object_id": "16", "object_repr": "Software Testing on 2025-12-16 (2:00pm - 3:00pm)", "action_flag": 1, "change_message": "[{\"added\": {}}]"}}, {"model": "admin.logentry", "pk": 42, "fields": {"action_time": "2025-11-24T18:17:51.205Z", "user": 1, "content_type": 10, "object_id": "17", "object_repr": "Blockchain Technology on 2025-12-17 (10:00am - 11:00am)", "action_flag": 1, "change_message": "[{\"added\": {}}]"}}, {"model": "admin.logentry", "pk": 43, "fields": {"action_time": "2025-12-01T06:29:29.649Z", "user": 1, "content_type": 8, "object_id": "1", "object_repr": "22A (36 benches)", "action_flag": 1, "change_message": "[{\"added\": {}}]"}}, {"model": "admin.logentry", "pk": 44, "fields": {"action_time": "2025-12-01T06:29:37.413Z", "user": 1, "content_type": 8, "object_id": "2", "object_repr": "22 (38 benches)", "action_flag": 1, "change_message": "[{\"added\": {}}]"}}, {"model": "admin.logentry", "pk": 45, "fields": {"action_time": "2025-12-01T06:29:43.348Z", "user": 1, "content_type": 8, "object_id": "3", "object_repr": "21 (35 benches)", "action_flag": 1, "change_message": "[{\"added\": {}}]"}}, {"model": "admin.logentry", "pk": 46, "fields": {"action_time": "2025-12-01T06:29:50.664Z", "user": 1, "content_type": 8, "object_id": "4", "object_repr": "19 (39 benches)", "action_flag": 1, "change_message": "[{\"added\": {}}]"}}, {"model": "admin.logentry", "pk": 47, "fields": {"action_time": "2025-12-01T06:29:58.446Z", "user": 1, "content_type": 8, "object_id": "5", "object_repr": "18 (35 benches)", "action_flag": 1, "change_message": "[{\"added\": {}}]"}}, {"model": "admin.logentry", "pk": 48, "fields": {"action_time": "2025-12-01T06:30:05.699Z", "user": 1, "content_type": 8, "object_id": "6", "object_repr": "20 (37 benches)", "action_flag": 1, "change_message": "[{\"added\": {}}]"}}, {"model": "auth.user", "pk": 1, "fields": {"password": "pbkdf2_sha256$600000$Q4mt5yOLqzhsjy4dwPWVLc$1ARjsTgdXeKa08WUrN5sR3/4hBC9fwDOLSDleYd3zDY=", "last_login": "2025-11-24T17:57:41.529Z", "is_superuser": true, "username": "priyanka", "first_name": "", "last_name": "", "email": "priyankaangadi082005@gmail.com", "is_staff": true, "is_active": true, "date_joined": "2025-11-19T16:15:03.120Z", "groups": [], "user_permissions": []}}, {"model": "sessions.session", "pk": "7spcjybfo8pbg7elkhqxda7qxrsm97nc", "fields": {"session_data": ".eJxVjDsOwjAQBe_iGln2Jv5R0nMGa9de4wBypDipEHeHSCmgfTPzXiLitta4dV7ilMVZaHH63QjTg9sO8h3bbZZpbusykdwVedAur3Pm5-Vw_w4q9vqtIRtFhUfFKpEvhexIyiAozKw9DUaDKRBCKsG4hNp5sG5Q3mozAlgW7w_yfzdn:1vLkqT:Judj_Qk4YL6Busra32dAkxQX8wzY0f0vX_zBUiZFlIw", "expire_date": "2025-12-03T16:15:49.184Z"}}, {"model": "sessions.session", "pk": "p6ohef4gpvqw1nii7h3m8mz3jwzpfc8r", "fields": {"session_data": ".eJxVjDsOwjAQBe_iGln2Jv5R0nMGa9de4wBypDipEHeHSCmgfTPzXiLitta4dV7ilMVZaHH63QjTg9sO8h3bbZZpbusykdwVedAur3Pm5-Vw_w4q9vqtIRtFhUfFKpEvhexIyiAozKw9DUaDKRBCKsG4hNp5sG5Q3mozAlgW7w_yfzdn:1vNaon:kuHdSYA0HDn9JS4RNRqz1FAHopf9chYvJ4Mg18OMtXA", "expire_date": "2025-12-08T17:57:41.536Z"}}, {"model": "seating.semester", "pk": 1, "fields": {"number": 3}}, {"model": "seating.semester", "pk": 2, "fields": {"number": 5}}, {"model": "seating.semester", "pk": 3, "fields": {"number": 7}}, {"model": "seating.student", "pk": 1, "fields": {"usn": "2SD24CS001", "name": "ABHISHEK", "email": "abhishek@gmail.com", "department": "Computer Science", "semester": 1}}, {"model": "seating.student", "pk": 2, "fields": {"usn": "2SD24CS002", "name": "AKSHAN UMESH SHETTY", "email": "akshanumeshshetty@gmail.com", "department": "Computer Science", "semester": 1}}, {"model": "seating.student", "pk": 3, "fields": {"usn": "2SD24CS003", "name": "AMRUTA KASHINATH KATTI", "email": "amrutakashinathkatti@gmail.com", "department": "Computer Science", "semester": 1}}, {"model": "seating.student", "pk": 4, "fields": {"usn": "2SD24CS004", "name": "AMRUTAGOUDA SHANKARAGOUDA PATI", "email": "amrutagoudashankaragoudapati@gmail.com", "department": "Computer Science", "semester": 1}}, {"model": "seating.student", "pk": 5, "fields": {"usn": "2SD24CS005", "name": "ANIRUDH SURESH", "email": "anirudhsuresh@gmail.com", "department": "Computer Science", "semester": 1}}, {"model": "seating.student", "pk": 6, "fields": {"usn": "2SD24CS006", "name": "ARYA DAMODAR SAOKAR", "email": "aryadamodarsaokar@gmail.com", "department": "Computer Science", "semester": 1}}, {"model": "seating.student", "pk": 7, "fields": {"usn": "2SD24CS007", "name": "BHAVANA MANJUNATH BHAT", "email": "bhavanamanjunathbhat@gmail.com", "department": "Computer Science", "semester": 1}}, {"model": "seating.student", "pk": 8, "fields": {"usn": "2SD24CS008", "name": "BRUHATI P MADINOOR", "email": "bruhatipmadinoor@gmail.com", "department": "Computer Science", "semester": 1}}, {"model": "seating.student", "pk": 9, "fields": {"usn": "2SD24CS009", "name": "CHINMAY BUDIHAL", "email": "chinmaybudihal@gmail.com", "department": "Computer Science", "semester": 1}}, {"model": "seating.student", "pk": 10, "fields": {"usn": "2SD24CS010", "name": "CHINMAYEE SAJJAN", "email": "chinmayeesajjan@gmail.com", "department": "Computer Science", "semester": 1}}, {"model": "seating.student", "pk": 11, "fields": {"usn": "2SD24CS011", "name": "FAZILA K ANI", "email": "fazilakani@gmail.com", "department": "Computer Science", "semester": 1}}, {"model": "seating.student", "pk": 12, "fields": {"usn": "2SD24CS012", "name": "GURURAJAGOUDA", "email": "gururajagouda@gmail.com", "department": "Computer Science", "semester": 1}}, {"model": "seating.student", "pk": 13, "fields": {"usn": "2SD24CS013", "name": "HARSHAVARDHAN KOPPAL", "email": "harshavardhankoppal@gmail.com", "department": "Computer Science", "semester": 1}}, {"model": "seating.student", "pk": 14, "fields": {"usn": "2SD24CS014", "name": "HARSHAVARDHAN PARASHURAM SHIDL", "email": "harshavardhanparashuramshidl@gmail.com", "department": "Computer Science", "semester": 1}}, {"model": "seating.student", "pk": 15, "fields": {"usn": "2SD24CS015", "name": "K KARTHIK", "email": "kkarthik@gmail.com", "department": "Computer Science", "semester": 1}}, {"model": "seating.student", "pk": 16, "fields": {"usn": "2SD24CS016", "name": "KARTIK BASAVARAJ NARAPPANAVAR", "email": "kartikbasavarajnarappanavar@gmail.com", "department": "Computer Science", "semester": 1}}, {"model": "seating.student", "pk": 17, "fields": {"usn": "2SD24CS017", "name": "KHUSHI S KUMAR", "email": "khushiskumar@gmail.com", "department": "Computer Science", "semester": 1}}, {"model": "seating.student", "pk": 18, "fields": {"usn": "2SD24CS018", "name": "KUSHAL ILLALU", "email": "kushalillalu@gmail.com", "department": "Computer Science", "semester": 1}}, {"model": "seating.student", "pk": 19, "fields": {"usn": "2SD24CS019", "name": "LAKSHMI HANUMANTAPPA BILEYALI", "email": "lakshmihanumantappabileyali@gmail.com", "department": "Computer Science", "semester": 1}}, {"model": "seating.student", "pk": 20, "fields": {"usn": "2SD24CS020", "name": "MADHUMITA MARUTI MUGALI", "email": "madhumitamarutimugali@gmail.com", "department": "Computer Science", "semester": 1}}, {"model": "seating.student", "pk": 21, "fields": {"usn": "2SD24CS021", "name": "MAITHILI S KYADIGUPPI", "email": "maithiliskyadiguppi@gmail.com", "department": "Computer Science", "semester": 1}}, {"model": "seating.student", "pk": 22, "fields": {"usn": "2SD24CS022", "name": "MALLAPPA BIRADAR", "email": "mallappabiradar@gmail.com", "department": "Computer Science", "semester": 1}}, {"model": "seating.student", "pk": 23, "fields": {"usn": "2SD24CS023", "name": "MANOJKUMAR C BALUTAGI", "email": "manojkumarcbalutagi@gmail.com", "department": "Computer Science", "semester": 1}}, {"model": "seating.student", "pk": 24, "fields": {"usn": "2SD24CS024", "name": "MEDINI MATHAD", "email": "medinimathad@gmail.com", "department": "Computer Science", "semester": 1}}, {"model": "seating.student", "pk": 25, "fields": {"usn": "2SD24CS025", "name": "MOHAMMED AREEB KITTUR", "email": "mohammedareebkittur@gmail.com", "department": "Computer Science", "semester": 1}}, {"model": "seating.student", "pk": 26, "fields": {"usn": "2SD24CS026", "name": "MONISH S T", "email": "monishst@gmail.com", "department": "Computer Science", "semester": 1}}, {"model": "seating.student", "pk": 27, "fields": {"usn": "2SD24CS027", "name": "NAMRATA ASHOK NYAMAGOUD", "email": "namrataashoknyamagoud@gmail.com", "department": "Computer Science", "semester": 1}}, {"model": "seating.student", "pk": 28, "fields": {"usn": "2SD24CS028", "name": "NAVYASHREE SHETTI", "email": "navyashreeshetti@gmail.com", "department": "Computer Science", "semester": 1}}, {"model": "seating.student", "pk": 29, "fields": {"usn": "2SD24CS029", "name": "NISARGA MANKANI", "email": "nisargamankani@gmail.com", "department": "Computer Science", "semester": 1}}, {"model": "seating.student", "pk": 30, "fields": {"usn": "2SD24CS030", "name": "NISHA M AMBEKAR", "email": "nishamambekar@gmail.com", "department": "Computer Science", "semester": 1}}, {"model": "seating.student", "pk": 31, "fields": {"usn": "2SD24CS031", "name": "PATEL AKSHIL RAJESHKUMAR", "email": "patelakshilrajeshkumar@gmail.com", "department": "Computer Science", "semester": 1}}, {"model": "seating.student", "pk": 32, "fields": {"usn": "2SD24CS032", "name": "POORVA M SANKOJI", "email": "poorvamsankoji@gmail.com", "department": "Computer Science", "semester": 1}}, {"model": "seating.student", "pk": 33, "fields": {"usn": "2SD24CS033", "name": "PRAGATI GANAPATI VERNEKAR", "email": "pragatiganapativernekar@gmail.com", "department": "Computer Science", "semester": 1}}, {"model": "seating.student", "pk": 34, "fields": {"usn": "2SD24CS034", "name": "PRAJWAL SHANKAR REBBANNAVAR", "email": "prajwalshankarrebbannavar@gmail.com", "department": "Computer Science", "semester": 1}}, {"model": "seating.student", "pk": 35, "fields": {"usn": "2SD24CS035", "name": "PRATEEK SHETTY", "email": "prateekshetty@gmail.com", "department": "Computer Science", "semester": 1}}, {"model": "seating.student", "pk": 36, "fields": {"usn": "2SD24CS036", "name": "PRAVEEN SOMALINGAPPA NILUGAL", "email": "praveensomalingappanilugal@gmail.com", "department": "Computer Science", "semester": 1}}, {"model": "seating.student", "pk": 37, "fields": {"usn": "2SD24CS037", "name": "PRAVEEN TIRUPATI RATHOD", "email": "praveentirupatirathod@gmail.com", "department": "Computer Science", "semester": 1}}, {"model": "seating.student", "pk": 38, "fields": {"usn": "2SD24CS038", "name": "PRIYANKA WALIKAR", "email": "priyankawalikar@gmail.com", "department": "Computer Science", "semester": 1}}, {"model": "seating.student", "pk": 39, "fields": {"usn": "2SD24CS039", "name": "PUSHPA GURAYYA HIREMATH", "email": "pushpagurayyahiremath@gmail.com", "department": "Computer Science", "semester": 1}}, {"model": "seating.student", "pk": 40, "fields": {"usn": "2SD24CS040", "name": "RAKSHA S RAO", "email": "rakshasrao@gmail.com", "department": "Computer Science", "semester": 1}}, {"model": "seating.student", "pk": 41, "fields": {"usn": "2SD24CS041", "name": "ROOPA DHARMARAJ SANGANAL", "email": "roopadharmarajsanganal@gmail.com", "department": "Computer Science", "semester": 1}}, {"model": "seating.student", "pk": 42, "fields": {"usn": "2SD24CS042", "name": "ROOPASHRI DALAVI", "email": "roopashridalavi@gmail.com", "department": "Computer Science", "semester": 1}}, {"model": "seating.student", "pk": 43, "fields": {"usn": "2SD24CS043", "name": "RUKMINI TIMMANNA BANAGAR", "email": "rukminitimmannabanagar@gmail.com", "department": "Computer Science", "semester": 1}}, {"model": "seating.student", "pk": 44, "fields": {"usn": "2SD24CS044", "name": "SAHAJ SANTOSHKUMAR HOLALAGUNDI", "email": "sahajsantoshkumarholalagundi@gmail.com", "department": "Computer Science", "semester": 1}}, {"model": "seating.student", "pk": 45, "fields": {"usn": "2SD24CS045", "name": "SAHANA NAGARAJ GUMMADI", "email": "sahananagarajgummadi@gmail.com", "department": "Computer Science", "semester": 1}}, {"model": "seating.student", "pk": 46, "fields": {"usn": "2SD24CS046", "name": "SANIYA R PINJAR", "email": "saniyarpinjar@gmail.com", "department": "Computer Science", "semester": 1}}, {"model": "seating.student", "pk": 47, "fields": {"usn": "2SD24CS047", "name": "SANJANA SANJAY PANDIT", "email": "sanjanasanjaypandit@gmail.com", "department": "Computer Science", "semester": 1}}, {"model": "seating.student", "pk": 48, "fields": {"usn": "2SD24CS048", "name": "SHAHID AHMED S AKKI", "email": "shahidahmedsakki@gmail.com", "department": "Computer Science", "semester": 1}}, {"model": "seating.student", "pk": 49, "fields": {"usn": "2SD24CS049", "name": "SHARADHI N SORTUR", "email": "sharadhinsortur@gmail.com", "department": "Computer Science", "semester": 1}}, {"model": "seating.student", "pk": 50, "fields": {"usn": "2SD24CS050", "name": "SHARATH R ARALIKATTI", "email": "sharathraralikatti@gmail.com", "department": "Computer Science", "semester": 1}}, {"model": "seating.student", "pk": 51, "fields": {"usn": "2SD24CS051", "name": "SHRADDHA SHAMBHU BHAT", "email": "shraddhashambhubhat@gmail.com", "department": "Computer Science", "semester": 1}}, {"model": "seating.student", "pk": 52, "fields": {"usn": "2SD24CS052", "name": "SHREYA D SOMAPUR", "email": "shreyadsomapur@gmail.com", "department": "Computer Science", "semester": 1}}, {"model": "seating.student", "pk": 53, "fields": {"usn": "2SD24CS053", "name": "SHREYA S PATIL", "email": "shreyaspatil@gmail.com", "department": "Computer Science", "semester": 1}}, {"model": "seating.student", "pk": 54, "fields": {"usn": "2SD24CS054", "name": "SHREYANS SUJAY DUNDUR", "email": "shreyanssujaydundur@gmail.com", "department": "Computer Science", "semester": 1}}, {"model": "seating.student", "pk": 55, "fields": {"usn": "2SD24CS055", "name": "SUHANI SUKANTH SHETTY", "email": "suhanisukanthshetty@gmail.com", "department": "Computer Science", "semester": 1}}, {"model": "seating.student", "pk": 56, "fields": {"usn": "2SD24CS056", "name": "SUHAS S MADAGUNDI", "email": "suhassmadagundi@gmail.com", "department": "Computer Science", "semester": 1}}, {"model": "seating.student", "pk": 57, "fields": {"usn": "2SD24CS057", "name": "SWATI DUNDAPPA KARIGAR", "email": "swatidundappakarigar@gmail.com", "department": "Computer Science", "semester": 1}}, {"model": "seating.student", "pk": 58, "fields": {"usn": "2SD24CS058", "name": "TEJASHWINI UDAY KOLI", "email": "tejashwiniudaykoli@gmail.com", "department": "Computer Science", "semester": 1}}, {"model": "seating.student", "pk": 59, "fields": {"usn": "2SD24CS059", "name": "THYAGARJUN R PAMAPURAM", "email": "thyagarjunrpamapuram@gmail.com", "department": "Computer Science", "semester": 1}}, {"model": "seating.student", "pk": 60, "fields": {"usn": "2SD24CS060", "name": "UJWAL SHET", "email": "ujwalshet@gmail.com", "department": "Computer Science", "semester": 1}}, {"model": "seating.student", "pk": 61, "fields": {"usn": "2SD24CS061", "name": "VEDA VASANT NAYAK", "email": "vedavasantnayak@gmail.com", "department": "Computer Science", "semester": 1}}, {"model": "seating.student", "pk": 62, "fields": {"usn": "2SD24CS062", "name": "VEDANTHA K SHETTY", "email": "vedanthakshetty@gmail.com", "department": "Computer Science", "semester": 1}}, {"model": "seating.student", "pk": 63, "fields": {"usn": "2SD24CS063", "name": "VIJAYAKUMAR", "email": "vijayakumar@gmail.com", "department": "Computer Science", "semester": 1}}, {"model": "seating.student", "pk": 64, "fields": {"usn": "2SD24CS064", "name": "VIJAYALAXMI SHARANAGOUDA PEERA", "email": "vijayalaxmisharanagoudapeera@gmail.com", "department": "Computer Science", "semester": 1}}, {"model": "seating.student", "pk": 65, "fields": {"usn": "2SD24CS065", "name": "VIKASH PANDEY", "email": "vikashpandey@gmail.com", "department": "Computer Science", "semester": 1}}, {"model": "seating.student", "pk": 66, "fields": {"usn": "2SD24CS066", "name": "VRUSHABH SHAMBHULINGAYYA HEMAG", "email": "vrushabhshambhulingayyahemag@gmail.com", "department": "Computer Science", "semester": 1}}, {"model": "seating.student", "pk": 67, "fields": {"usn": "2SD24CS067", "name": "ZAYAN CHITTEWALE", "email": "zayanchittewale@gmail.com", "department": "Computer Science", "semester": 1}}, {"model": "seating.student", "pk": 68, "fields": {"usn": "2SD24CS068", "name": "AISHWARYA GUNDAGI", "email": "aishwaryagundagi@gmail.com", "department": "Computer Science", "semester": 1}}, {"model": "seating.student", "pk": 69, "fields": {"usn": "2SD24CS069", "name": "AKSHARVIDYA ANILKUMAR CHOUGULE", "email": "aksharvidya@gmail.com", "department": "Computer Science", "semester": 1}}, {"model": "seating.student", "pk": 70, "fields": {"usn": "2SD24CS070", "name": "AMRUTA SIDDHARAMAPPA DEMAKKANA", "email": "amruta@gmail.com", "department": "Computer Science", "semester": 1}}, {"model": "seating.student", "pk": 71, "fields": {"usn": "2SD24CS071", "name": "ANANYA S ANGADI", "email": "ananya@gmail.com", "department": "Computer Science", "semester": 1}}, {"model": "seating.student", "pk": 72, "fields": {"usn": "2SD24CS072", "name": "ANITA", "email": "anita@gmail.com", "department": "Computer Science", "semester": 1}}, {"model": "seating.student", "pk": 73, "fields": {"usn": "2SD24CS073", "name": "ANKUSH DUTTA", "email": "ankush@gmail.com", "department": "Computer Science", "semester": 1}}, {"model": "seating.student", "pk": 74, "fields": {"usn": "2SD24CS074", "name": "BHOOMIKA MALAVADE", "email": "bhoomika@gmail.com", "department": "Computer Science", "semester": 1}}, {"model": "seating.student", "pk": 75, "fields": {"usn": "2SD24CS075", "name": "DIVYANSH SHARMA", "email": "divyansh@gmail.com", "department": "Computer Science", "semester": 1}}, {"model": "seating.student", "pk": 76, "fields": {"usn": "2SD24CS076", "name": "GOVIND KRISHNAMURTHY BHATT", "email": "govind@gmail.com", "department": "Computer Science", "semester": 1}}, {"model": "seating.student", "pk": 77, "fields": {"usn": "2SD24CS077", "name": "H V CHAITANYA BHARADVAJ", "email": "hvchaitanya@gmail.com", "department": "Computer Science", "semester": 1}}, {"model": "seating.student", "pk": 78, "fields": {"usn": "2SD24CS078", "name": "HARSHITA SOMAPPA SANTI", "email": "harshita@gmail.com", "department": "Computer Science", "semester": 1}}, {"model": "seating.student", "pk": 79, "fields": {"usn": "2SD24CS079", "name": "HEMA PATIL", "email": "hemapatil@gmail.com", "department": "Computer Science", "semester": 1}}, {"model": "seating.student", "pk": 80, "fields": {"usn": "2SD24CS080", "name": "IRANNA PRAKASH ANGADI", "email": "irannaangadi@gmail.com", "department": "Computer Science", "semester": 1}}, {"model": "seating.student", "pk": 81, "fields": {"usn": "2SD24CS081", "name": "KANAV", "email": "kanav@gmail.com", "department": "Computer Science", "semester": 1}}, {"model": "seating.student", "pk": 82, "fields": {"usn": "2SD24CS082", "name": "KAVITA RATHOD", "email": "kavitarathod@gmail.com", "department": "Computer Science", "semester": 1}}, {"model": "seating.student", "pk": 83, "fields": {"usn": "2SD24CS083", "name": "KRISHNA G PURANIK", "email": "krishnapuranik@gmail.com", "department": "Computer Science", "semester": 1}}, {"model": "seating.student", "pk": 84, "fields": {"usn": "2SD24CS084", "name": "LAKSHMI HIRANDAGI", "email": "lakshmihirangadi@gmail.com", "department": "Computer Science", "semester": 1}}, {"model": "seating.student", "pk": 85, "fields": {"usn": "2SD24CS085", "name": "MADANSINGH K RAJPUROHIT", "email": "madansinghk@gmail.com", "department": "Computer Science", "semester": 1}}, {"model": "seating.student", "pk": 86, "fields": {"usn": "2SD24CS086", "name": "MANASWI MUGAD", "email": "manaswimugad@gmail.com", "department": "Computer Science", "semester": 1}}, {"model": "seating.student", "pk": 87, "fields": {"usn": "2SD24CS087", "name": "MEDINI SHRIRAM BHAT", "email": "medinibhat@gmail.com", "department": "Computer Science", "semester": 1}}, {"model": "seating.student", "pk": 88, "fields": {"usn": "2SD24CS088", "name": "NAFISA N", "email": "nafisan@gmail.com", "department": "Computer Science", "semester": 1}}, {"model": "seating.student", "pk": 89, "fields": {"usn": "2SD24CS089", "name": "NAVAB DORE", "email": "navabdore@gmail.com", "department": "Computer Science", "semester": 1}}, {"model": "seating.student", "pk": 90, "fields": {"usn": "2SD24CS090", "name": "NAVEEN GADIGAYYA ALLAYYANAVARA", "email": "naveengadigayya@gmail.com", "department": "Computer Science", "semester": 1}}, {"model": "seating.student", "pk": 91, "fields": {"usn": "2SD24CS091", "name": "NITIN SITARAM GUNAGI", "email": "nitingunagi@gmail.com", "department": "Computer Science", "semester": 1}}, {"model": "seating.student", "pk": 92, "fields": {"usn": "2SD24CS092", "name": "POORNIMA MAHANTESH PUJAR", "email": "poornimapujar@gmail.com", "department": "Computer Science", "semester": 1}}, {"model": "seating.student", "pk": 93, "fields": {"usn": "2SD24CS093", "name": "PRACHET PRASAD KAMAT", "email": "prachetkamat@gmail.com", "department": "Computer Science", "semester": 1}}, {"model": "seating.student", "pk": 94, "fields": {"usn": "2SD24CS094", "name": "PRAJWAL MUSANDI", "email": "prajwalmusandi@gmail.com", "department": "Computer Science", "semester": 1}}, {"model": "seating.student", "pk": 95, "fields": {"usn": "2SD24CS095", "name": "PRATHAM PRASHANT SAHASRABUDHE", "email": "prathamprashant@gmail.com", "department": "Computer Science", "semester": 1}}, {"model": "seating.student", "pk": 96, "fields": {"usn": "2SD24CS096", "name": "PREETAM ARVIND PATIL", "email": "preetampatil@gmail.com", "department": "Computer Science", "semester": 1}}, {"model": "seating.student", "pk": 97, "fields": {"usn": "2SD24CS097", "name": "PRITHVI SANJAY PATIL", "email": "prithvipatil@gmail.com", "department": "Computer Science", "semester": 1}}, {"model": "seating.student", "pk": 98, "fields": {"usn": "2SD24CS098", "name": "RAVIKUMAR", "email": "ravikumar@gmail.com", "department": "Computer Science", "semester": 1}}, {"model": "seating.student", "pk": 99, "fields": {"usn": "2SD24CS099", "name": "RITU ROHIT SADALGE", "email": "riturohit@gmail.com", "department": "Computer Science", "semester": 1}}, {"model": "seating.student", "pk": 100, "fields": {"usn": "2SD24CS100", "name": "ROOPA KEDARI KOGILGERI", "email": "roopakedari@gmail.com", "department": "Computer Science", "semester": 1}}, {"model": "seating.student", "pk": 101, "fields": {"usn": "2SD24CS101", "name": "SADDHARM YAMAKANMARDI", "email": "saddharmyamakanamardi@gmail.com", "department": "Computer Science", "semester": 1}}, {"model": "seating.student", "pk": 102, "fields": {"usn": "2SD24CS102", "name": "SAHANA IRAYYA BIKSHAVATIMATH", "email": "sahanairayya@gmail.com", "department": "Computer Science", "semester": 1}}, {"model": "seating.student", "pk": 103, "fields": {"usn": "2SD24CS103", "name": "SAHANA MANJUNATH KAKADE", "email": "sahanamanjunath@gmail.com", "department": "Computer Science", "semester": 1}}, {"model": "seating.student", "pk": 104, "fields": {"usn": "2SD24CS104", "name": "SAKSHI B G", "email": "saksibg@gmail.com", "department": "Computer Science", "semester": 1}}, {"model": "seating.student", "pk": 105, "fields": {"usn": "2SD24CS105", "name": "SAMRUDDHI PATIL", "email": "samruddhipatil@gmail.com", "department": "Computer Science", "semester": 1}}, {"model": "seating.student", "pk": 106, "fields": {"usn": "2SD24CS106", "name": "SANJANA NAGARAJ GUMMADI", "email": "sanjanagummadi@gmail.com", "department": "Computer Science", "semester": 1}}, {"model": "seating.student", "pk": 107, "fields": {"usn": "2SD24CS107", "name": "SEEMA RAJU DIGGEWADI", "email": "seemaraju@gmail.com", "department": "Computer Science", "semester": 1}}, {"model": "seating.student", "pk": 108, "fields": {"usn": "2SD24CS108", "name": "SHANTIKA GURUNATH BHAT", "email": "shantikabhat@gmail.com", "department": "Computer Science", "semester": 1}}, {"model": "seating.student", "pk": 109, "fields": {"usn": "2SD24CS109", "name": "SHARAT ADAVI", "email": "sharatadavi@gmail.com", "department": "Computer Science", "semester": 1}}, {"model": "seating.student", "pk": 110, "fields": {"usn": "2SD24CS110", "name": "SHIVARAJ", "email": "shivraj@gmail.com", "department": "Computer Science", "semester": 1}}, {"model": "seating.student", "pk": 111, "fields": {"usn": "2SD24CS111", "name": "SHRADDHA M ANGADI", "email": "sheaddhaangadi@gmail.com", "department": "Computer Science", "semester": 1}}, {"model": "seating.student", "pk": 112, "fields": {"usn": "2SD24CS112", "name": "SHREESH P KULAKARNI", "email": "shreeshkulkarni@gmail.com", "department": "Computer Science", "semester": 1}}, {"model": "seating.student", "pk": 113, "fields": {"usn": "2SD24CS113", "name": "SHREYA VENKATESH VAJJARAMATTI", "email": "shreyavajramatti@gmail.com", "department": "Computer Science", "semester": 1}}, {"model": "seating.student", "pk": 114, "fields": {"usn": "2SD24CS114", "name": "SHREYAS HIREMATH", "email": "shreyashiremath@gmail.com", "department": "Computer Science", "semester": 1}}, {"model": "seating.student", "pk": 115, "fields": {"usn": "2SD24CS115", "name": "SHUBHAM KUILA", "email": "shubhamkuila@gmail.com", "department": "Computer Science", "semester": 1}}, {"model": "seating.student", "pk": 116, "fields": {"usn": "2SD24CS116", "name": "SHWETA C HITTALAMANI", "email": "shwetac@gmail.com", "department": "Computer Science", "semester": 1}}, {"model": "seating.student", "pk": 117, "fields": {"usn": "2SD24CS117", "name": "SINCHANA TUKARAM PATTAR", "email": "sinchanapattar@gmail.com", "department": "Computer Science", "semester": 1}}, {"model": "seating.student", "pk": 118, "fields": {"usn": "2SD24CS118", "name": "SRISHTI VIJAY MAHAJANSHETTI", "email": "srishtivijay@gmail.com", "department": "Computer Science", "semester": 1}}, {"model": "seating.student", "pk": 119, "fields": {"usn": "2SD24CS119", "name": "SUMEDH SHRIHARI AMBEKAR", "email": "sumedhshrihari@gmail.com", "department": "Computer Science", "semester": 1}}, {"model": "seating.student", "pk": 120, "fields": {"usn": "2SD24CS120", "name": "SUMMIT SHARMA", "email": "summitsharma@gmail.com", "department": "Computer Science", "semester": 1}}, {"model": "seating.student", "pk": 121, "fields": {"usn": "2SD24CS121", "name": "SUSHILKUMAR TONDIKATTI", "email": "sushilkumar@gmail.com", "department": "Computer Science", "semester": 1}}, {"model": "seating.student", "pk": 122, "fields": {"usn": "2SD24CS122", "name": "SWATI VINAYAK KAMAT", "email": "swativinayak@gmail.com", "department": "Computer Science", "semester": 1}}, {"model": "seating.student", "pk": 123, "fields": {"usn": "2SD24CS123", "name": "TANISHA M PATRAVALI", "email": "tanishamp@gmail.com", "department": "Computer Science", "semester": 1}}, {"model": "seating.student", "pk": 124, "fields": {"usn": "2SD24CS124", "name": "TANISHQ SURYAVANSHI", "email": "tanishiq@gmail.com", "department": "Computer Science", "semester": 1}}, {"model": "seating.student", "pk": 125, "fields": {"usn": "2SD24CS125", "name": "TANUSHREE M PATIL", "email": "tanushreepatil@gmail.com", "department": "Computer Science", "semester": 1}}, {"model": "seating.student", "pk": 126, "fields": {"usn": "2SD24CS126", "name": "UDAY S PATTED", "email": "uadypatted@gmail.com", "department": "Computer Science", "semester": 1}}, {"model": "seating.student", "pk": 127, "fields": {"usn": "2SD24CS127", "name": "UMESH PUNDALIK SHIVAPUR", "email": "umeshpudalik@gmail.com", "department": "Computer Science", "semester": 1}}, {"model": "seating.student", "pk": 128, "fields": {"usn": "2SD24CS128", "name": "VAIBHAVI KOTALLI", "email": "vaibhavi@gmail.com", "department": "Computer Science", "semester": 1}}, {"model": "seating.student", "pk": 129, "fields": {"usn": "2SD24CS129", "name": "VARSHA C MURAGOD", "email": "varshac@gmail.com", "department": "Computer Science", "semester": 1}}, {"model": "seating.student", "pk": 130, "fields": {"usn": "2SD24CS130", "name": "VEDANT S BIRADAR", "email": "vedants@gmail.com", "department": "Computer Science", "semester": 1}}, {"model": "seating.student", "pk": 131, "fields": {"usn": "2SD24CS131", "name": "VIJAY BALAPPA BADIGER", "email": "vijay@gmail.com", "department": "Computer Science", "semester": 1}}, {"model": "seating.student", "pk": 132, "fields": {"usn": "2SD24CS132", "name": "VIJETA MALLIKARJUN KALMATLER", "email": "vijeta@gmail.com", "department": "Computer Science", "semester": 1}}, {"model": "seating.student", "pk": 133, "fields": {"usn": "2SD24CS133", "name": "VISHALAXI MURSHILLI", "email": "vishlaxim@gmail.com", "department": "Computer Science", "semester": 1}}, {"model": "seating.student", "pk": 134, "fields": {"usn": "2SD24CS134", "name": "VIVEK A MANE", "email": "vivekmane@gmail.com", "department": "Computer Science", "semester": 1}}, {"model": "seating.student", "pk": 135, "fields": {"usn": "2SD24CS135", "name": "YASH DILIP SANKLECHA", "email": "yashdilip@gmail.com", "department": "Computer Science", "semester": 1}}, {"model": "seating.student", "pk": 136, "fields": {"usn": "2SD23CS001", "name": "AADITI DINAKAR NAYAK", "email": "aaaditidinakarnayak@gmai.com", "department": "Computer Science", "semester": 2}}, {"model": "seating.student", "pk": 137, "fields": {"usn": "2SD23CS002", "name": "ABHILASH RAJESH PYATI", "email": "aabhilashrajeshpyati@gmai.com", "department": "Computer Science", "semester": 2}}, {"model": "seating.student", "pk": 138, "fields": {"usn": "2SD23CS003", "name": "ABHISHEK BASAVARAJ RAIBAG", "email": "aabhishekbasavarajraibag@gmai.com", "department": "Computer Science", "semester": 2}}, {"model": "seating.student", "pk": 139, "fields": {"usn": "2SD23CS004", "name": "ADARSH", "email": "aadarsh@gmai.com", "department": "Computer Science", "semester": 2}}, {"model": "seating.student", "pk": 140, "fields": {"usn": "2SD23CS005", "name": "ADITYA DINESH REVANKAR", "email": "aadityadineshrevankar@gmai.com", "department": "Computer Science", "semester": 2}}, {"model": "seating.student", "pk": 141, "fields": {"usn": "2SD23CS006", "name": "AISHWARYA KURABAGATTI", "email": "aaishwaryakurabagatti@gmai.com", "department": "Computer Science", "semester": 2}}, {"model": "seating.student", "pk": 142, "fields": {"usn": "2SD23CS007", "name": "AISHWARYA KURABAGATTI", "email": "aaishwaryakurabagatti@gmai.com", "department": "Computer Science", "semester": 2}}, {"model": "seating.student", "pk": 143, "fields": {"usn": "2SD23CS008", "name": "ALEKHYA M", "email": "aalekhyam@gmai.com", "department": "Computer Science", "semester": 2}}, {"model": "seating.student", "pk": 144, "fields": {"usn": "2SD23CS009", "name": "AMAN KUMAR", "email": "aamankumar@gmai.com", "department": "Computer Science", "semester": 2}}, {"model": "seating.student", "pk": 145, "fields": {"usn": "2SD23CS010", "name": "AMOGH S PATIL", "email": "aamoghspatil@gmai.com", "department": "Computer Science", "semester": 2}}, {"model": "seating.student", "pk": 146, "fields": {"usn": "2SD23CS011", "name": "ANJALI", "email": "aanjali@gmai.com", "department": "Computer Science", "semester": 2}}, {"model": "seating.student", "pk": 147, "fields": {"usn": "2SD23CS012", "name": "ANUJ SAVANT", "email": "aanujsavant@gmai.com", "department": "Computer Science", "semester": 2}}, {"model": "seating.student", "pk": 148, "fields": {"usn": "2SD23CS013", "name": "ANUPAMA KANNUR", "email": "aanupamakannur@gmai.com", "department": "Computer Science", "semester": 2}}, {"model": "seating.student", "pk": 149, "fields": {"usn": "2SD23CS014", "name": "ANUSHREE P HEMADRI", "email": "aanushreephemadri@gmai.com", "department": "Computer Science", "semester": 2}}, {"model": "seating.student", "pk": 150, "fields": {"usn": "2SD23CS015", "name": "ARPITA CHANDRASHEKHAR HARAGAPU", "email": "aarpitachandrashekharharagapu@gmai.com", "department": "Computer Science", "semester": 2}}, {"model": "seating.student", "pk": 151, "fields": {"usn": "2SD23CS016", "name": "ARYAN A SHETTY", "email": "aaryanashetty@gmai.com", "department": "Computer Science", "semester": 2}}, {"model": "seating.student", "pk": 152, "fields": {"usn": "2SD23CS017", "name": "ASHOK", "email": "aashok@gmai.com", "department": "Computer Science", "semester": 2}}, {"model": "seating.student", "pk": 153, "fields": {"usn": "2SD23CS018", "name": "ASHRAY U A", "email": "aashrayua@gmai.com", "department": "Computer Science", "semester": 2}}, {"model": "seating.student", "pk": 154, "fields": {"usn": "2SD23CS019", "name": "ASHRITHA KAMBI", "email": "aashrithakambi@gmai.com", "department": "Computer Science", "semester": 2}}, {"model": "seating.student", "pk": 155, "fields": {"usn": "2SD23CS020", "name": "BHAGYASHREE MYAGERI", "email": "abhagyashreemyageri@gmai.com", "department": "Computer Science", "semester": 2}}, {"model": "seating.student", "pk": 156, "fields": {"usn": "2SD23CS021", "name": "BHAGYASHREE SHARANNAPPA MADARI", "email": "abhagyashreesharannappamadari@gmai.com", "department": "Computer Science", "semester": 2}}, {"model": "seating.student", "pk": 157, "fields": {"usn": "2SD23CS022", "name": "BHAGYASHRI UMESH SATIGOUDAR", "email": "abhagyashriumeshsatigoudar@gmai.com", "department": "Computer Science", "semester": 2}}, {"model": "seating.student", "pk": 158, "fields": {"usn": "2SD23CS023", "name": "CHANDANA JAGADISH KELUR", "email": "achandanajagadishkelur@gmai.com", "department": "Computer Science", "semester": 2}}, {"model": "seating.student", "pk": 159, "fields": {"usn": "2SD23CS024", "name": "DARSHAN SHIVAPPA NAIKAR", "email": "adarshanshivappanaikar@gmai.com", "department": "Computer Science", "semester": 2}}, {"model": "seating.student", "pk": 160, "fields": {"usn": "2SD23CS025", "name": "DEEPAK", "email": "adeepak@gmai.com", "department": "Computer Science", "semester": 2}}, {"model": "seating.student", "pk": 161, "fields": {"usn": "2SD23CS026", "name": "DEEPTI JAGANNATH SHETTY", "email": "adeeptijagannathshetty@gmai.com", "department": "Computer Science", "semester": 2}}, {"model": "seating.student", "pk": 162, "fields": {"usn": "2SD23CS027", "name": "DHARESH DODAMANI", "email": "adhareshdodamani@gmai.com", "department": "Computer Science", "semester": 2}}, {"model": "seating.student", "pk": 163, "fields": {"usn": "2SD23CS028", "name": "DIKSHA MALLIKARJUN DARUR", "email": "adikshamallikarjundarur@gmai.com", "department": "Computer Science", "semester": 2}}, {"model": "seating.student", "pk": 164, "fields": {"usn": "2SD23CS029", "name": "DIVYANKA KUMARI", "email": "adivyankakumari@gmai.com", "department": "Computer Science", "semester": 2}}, {"model": "seating.student", "pk": 165, "fields": {"usn": "2SD23CS030", "name": "GANAPATI SHRIDHAR BHAT", "email": "aganapatishridharbhat@gmai.com", "department": "Computer Science", "semester": 2}}, {"model": "seating.student", "pk": 166, "fields": {"usn": "2SD23CS031", "name": "GOURI P KULKARNI", "email": "agouripkulkarni@gmai.com", "department": "Computer Science", "semester": 2}}, {"model": "seating.student", "pk": 167, "fields": {"usn": "2SD23CS032", "name": "GURURAJ MAHESH MAGADUM", "email": "agururajmaheshmagadum@gmai.com", "department": "Computer Science", "semester": 2}}, {"model": "seating.student", "pk": 168, "fields": {"usn": "2SD23CS033", "name": "HARSHIT SOMANNAVAR", "email": "aharshitsomannavar@gmai.com", "department": "Computer Science", "semester": 2}}, {"model": "seating.student", "pk": 169, "fields": {"usn": "2SD23CS034", "name": "HEMA NAGARAJ SUNKAD", "email": "ahemanagarajsunkad@gmai.com", "department": "Computer Science", "semester": 2}}, {"model": "seating.student", "pk": 170, "fields": {"usn": "2SD23CS035", "name": "ISHA UDAY PRABHU", "email": "aishaudayprabhu@gmai.com", "department": "Computer Science", "semester": 2}}, {"model": "seating.student", "pk": 171, "fields": {"usn": "2SD23CS036", "name": "ISHANK KUMAR", "email": "aishankkumar@gmai.com", "department": "Computer Science", "semester": 2}}, {"model": "seating.student", "pk": 172, "fields": {"usn": "2SD23CS037", "name": "JAYALAKSHMI C TONNI", "email": "ajayalakshmictonni@gmai.com", "department": "Computer Science", "semester": 2}}, {"model": "seating.student", "pk": 173, "fields": {"usn": "2SD23CS038", "name": "KARAN KUMBAR", "email": "akarankumbar@gmai.com", "department": "Computer Science", "semester": 2}}, {"model": "seating.student", "pk": 174, "fields": {"usn": "2SD23CS039", "name": "KARNAM NIKIL", "email": "akarnamnikil@gmai.com", "department": "Computer Science", "semester": 2}}, {"model": "seating.student", "pk": 175, "fields": {"usn": "2SD23CS040", "name": "KARTHIK MULIMANI", "email": "akarthikmulimani@gmai.com", "department": "Computer Science", "semester": 2}}, {"model": "seating.student", "pk": 176, "fields": {"usn": "2SD23CS041", "name": "KARTIKEYA D", "email": "akartikeyad@gmai.com", "department": "Computer Science", "semester": 2}}, {"model": "seating.student", "pk": 177, "fields": {"usn": "2SD23CS042", "name": "KAVERI BHIMAPPA JARALI", "email": "akaveribhimappajarali@gmai.com", "department": "Computer Science", "semester": 2}}, {"model": "seating.student", "pk": 178, "fields": {"usn": "2SD23CS043", "name": "KHUSHI P KUMBAR", "email": "akhushipkumbar@gmai.com", "department": "Computer Science", "semester": 2}}, {"model": "seating.student", "pk": 179, "fields": {"usn": "2SD23CS044", "name": "KIRAN PRABHU MUTTAGI", "email": "akiranprabhumuttagi@gmai.com", "department": "Computer Science", "semester": 2}}, {"model": "seating.student", "pk": 180, "fields": {"usn": "2SD23CS045", "name": "KOUSHIKA GANAPATI BHAT", "email": "akoushikaganapatibhat@gmai.com", "department": "Computer Science", "semester": 2}}, {"model": "seating.student", "pk": 181, "fields": {"usn": "2SD23CS046", "name": "MAHANT S ARAWAL", "email": "amahantsarawal@gmai.com", "department": "Computer Science", "semester": 2}}, {"model": "seating.student", "pk": 182, "fields": {"usn": "2SD23CS047", "name": "MAHESH PATTED", "email": "amaheshpatted@gmai.com", "department": "Computer Science", "semester": 2}}, {"model": "seating.student", "pk": 183, "fields": {"usn": "2SD23CS048", "name": "MATEENKHAN BIRADAR", "email": "amateenkhanbiradar@gmai.com", "department": "Computer Science", "semester": 2}}, {"model": "seating.student", "pk": 184, "fields": {"usn": "2SD23CS049", "name": "MEDINI M KULKARNI", "email": "amedinimkulkarni@gmai.com", "department": "Computer Science", "semester": 2}}, {"model": "seating.student", "pk": 185, "fields": {"usn": "2SD23CS050", "name": "MOHAMMED KABEER MATTESABANNAVA", "email": "amohammedkabeermattesabannava@gmai.com", "department": "Computer Science", "semester": 2}}, {"model": "seating.student", "pk": 186, "fields": {"usn": "2SD23CS051", "name": "MOHIT ANAND", "email": "amohitanand@gmai.com", "department": "Computer Science", "semester": 2}}, {"model": "seating.student", "pk": 187, "fields": {"usn": "2SD23CS052", "name": "MURALI LOKANNA SANNASHIVANNAVA", "email": "amuralilokannasannashivannava@gmai.com", "department": "Computer Science", "semester": 2}}, {"model": "seating.student", "pk": 188, "fields": {"usn": "2SD23CS053", "name": "NAGARAJ DODDAMANI", "email": "anagarajdoddamani@gmai.com", "department": "Computer Science", "semester": 2}}, {"model": "seating.student", "pk": 189, "fields": {"usn": "2SD23CS054", "name": "NAVEEN B GURIKAR", "email": "anaveenbgurikar@gmai.com", "department": "Computer Science", "semester": 2}}, {"model": "seating.student", "pk": 190, "fields": {"usn": "2SD23CS055", "name": "NEHA BASAVARAJ HUNASHIKATTI", "email": "anehabasavarajhunashikatti@gmai.com", "department": "Computer Science", "semester": 2}}, {"model": "seating.student", "pk": 191, "fields": {"usn": "2SD23CS056", "name": "NEHA HEGDE", "email": "anehahegde@gmai.com", "department": "Computer Science", "semester": 2}}, {"model": "seating.student", "pk": 192, "fields": {"usn": "2SD23CS057", "name": "NIKITA BASAVARAJ HALLI", "email": "anikitabasavarajhalli@gmai.com", "department": "Computer Science", "semester": 2}}, {"model": "seating.student", "pk": 193, "fields": {"usn": "2SD23CS058", "name": "NOORJAHANABI F NADAF", "email": "anoorjahanabifnadaf@gmai.com", "department": "Computer Science", "semester": 2}}, {"model": "seating.student", "pk": 194, "fields": {"usn": "2SD23CS059", "name": "SAMARTH S SANIKOP", "email": "asamarthssanikop@gmai.com", "department": "Computer Science", "semester": 2}}, {"model": "seating.student", "pk": 195, "fields": {"usn": "2SD23CS060", "name": "SANJEEVINI R MALAGI", "email": "asanjeevinirmalagi@gmai.com", "department": "Computer Science", "semester": 2}}, {"model": "seating.student", "pk": 196, "fields": {"usn": "2SD23CS061", "name": "THANEESHA K SATEESH", "email": "athaneeshaksateesh@gmai.com", "department": "Computer Science", "semester": 2}}, {"model": "seating.student", "pk": 197, "fields": {"usn": "2SD23CS062", "name": "VASAVI KESHAV NAIK", "email": "avasavikeshavnaik@gmai.com", "department": "Computer Science", "semester": 2}}, {"model": "seating.student", "pk": 198, "fields": {"usn": "2SD23CS063", "name": "VIJAY KUMAR SHINDHE J", "email": "avijaykumarshindhej@gmai.com", "department": "Computer Science", "semester": 2}}, {"model": "seating.student", "pk": 199, "fields": {"usn": "2SD23CS064", "name": "ABHISHEK MANJUNATH PUJAR", "email": "aabhishekmanjunathpujar@gmai.com", "department": "Computer Science", "semester": 2}}, {"model": "seating.student", "pk": 200, "fields": {"usn": "2SD23CS065", "name": "AISHWARYA BASAVARAJ HARIJAN", "email": "aaishwaryabasavarajharijan@gmai.com", "department": "Computer Science", "semester": 2}}, {"model": "seating.student", "pk": 201, "fields": {"usn": "2SD23CS066", "name": "ANANYA D PAMADI", "email": "aananyadpamadi@gmai.com", "department": "Computer Science", "semester": 2}}, {"model": "seating.student", "pk": 202, "fields": {"usn": "2SD23CS067", "name": "DEEPA V NEGALI", "email": "adeepavnegali@gmai.com", "department": "Computer Science", "semester": 2}}, {"model": "seating.student", "pk": 203, "fields": {"usn": "2SD23CS068", "name": "HARSHA GANAPATASA CHAVAN", "email": "aharshaganapatasachavan@gmai.com", "department": "Computer Science", "semester": 2}}, {"model": "seating.student", "pk": 204, "fields": {"usn": "2SD23CS069", "name": "RAVINDRA CHIDANAND KANAMADI", "email": "aravindrachidanandkanamadi@gmai.com", "department": "Computer Science", "semester": 2}}, {"model": "seating.student", "pk": 205, "fields": {"usn": "2SD23CS070", "name": "B ABHIJITH", "email": "babhijit@gmail.com", "department": "Computer Science", "semester": 2}}, {"model": "seating.student", "pk": 206, "fields": {"usn": "2SD23CS071", "name": "BHUVANENDRA G BHAGWAT", "email": "bhuvanendragbhagwat@gmail.com", "department": "Computer Science", "semester": 2}}, {"model": "seating.student", "pk": 207, "fields": {"usn": "2SD23CS072", "name": "PRERANA JIGAJINNI", "email": "preranajigajinni@gmail.com", "department": "Computer Science", "semester": 2}}, {"model": "seating.student", "pk": 208, "fields": {"usn": "2SD23CS073", "name": "AJINKYA", "email": "ajinkya@gmail.com", "department": "Computer Science", "semester": 2}}, {"model": "seating.student", "pk": 209, "fields": {"usn": "2SD23CS074", "name": "ANKUSH JAMWAL", "email": "ankushjamwal@gmail.com", "department": "Computer Science", "semester": 2}}, {"model": "seating.student", "pk": 210, "fields": {"usn": "2SD23CS075", "name": "APOORVA NARAHARI BHANDARKAR", "email": "apoorvanaraharibhandarkar@gmail.com", "department": "Computer Science", "semester": 2}}, {"model": "seating.student", "pk": 211, "fields": {"usn": "2SD23CS076", "name": "KARTIK MAGADUM", "email": "kartikmagadum@gmail.com", "department": "Computer Science", "semester": 2}}, {"model": "seating.student", "pk": 212, "fields": {"usn": "2SD23CS077", "name": "KUMAR M", "email": "kumarm@gmail.com", "department": "Computer Science", "semester": 2}}, {"model": "seating.student", "pk": 213, "fields": {"usn": "2SD23CS078", "name": "MADANGOWDA G B", "email": "madangowdagb@gmail.com", "department": "Computer Science", "semester": 2}}, {"model": "seating.student", "pk": 214, "fields": {"usn": "2SD23CS079", "name": "MANIKANT SHANKARGOUDA ADARAGUNCHI", "email": "manikantshankargoudaadaragun@gmail.com", "department": "Computer Science", "semester": 2}}, {"model": "seating.student", "pk": 215, "fields": {"usn": "2SD23CS080", "name": "POOJA BISANAL", "email": "poojabisnal@gmail.com", "department": "Computer Science", "semester": 2}}, {"model": "seating.student", "pk": 216, "fields": {"usn": "2SD23CS081", "name": "POORAB GADAG", "email": "poorabgadag@gmail.com", "department": "Computer Science", "semester": 2}}, {"model": "seating.student", "pk": 217, "fields": {"usn": "2SD23CS082", "name": "POTRI PRAVEEN KUMAR", "email": "potripraveenkumar@gmail.com", "department": "Computer Science", "semester": 2}}, {"model": "seating.student", "pk": 218, "fields": {"usn": "2SD23CS083", "name": "PRAMOD MEHTRE", "email": "pramodmehtre@gmail.com", "department": "Computer Science", "semester": 2}}, {"model": "seating.student", "pk": 219, "fields": {"usn": "2SD23CS084", "name": "PREKSHA M PATIL", "email": "prekshampatil@gmail.com", "department": "Computer Science", "semester": 2}}, {"model": "seating.student", "pk": 220, "fields": {"usn": "2SD23CS085", "name": "PRIYANKA SANGAMESH ANGADI", "email": "priyankasangameshangadi@gmail.com", "department": "Computer Science", "semester": 2}}, {"model": "seating.student", "pk": 221, "fields": {"usn": "2SD23CS086", "name": "PRUTHVIRAJ G MULGUND", "email": "pruthvirajgmulgund@gmail.com", "department": "Computer Science", "semester": 2}}, {"model": "seating.student", "pk": 222, "fields": {"usn": "2SD23CS087", "name": "RAJKISHORI SACHIN CHOUGULE", "email": "rajkishorisachinchougule@gmail.com", "department": "Computer Science", "semester": 2}}, {"model": "seating.student", "pk": 223, "fields": {"usn": "2SD23CS088", "name": "RAKSHITA BHAT", "email": "rakshitabhat@gmail.com", "department": "Computer Science", "semester": 2}}, {"model": "seating.student", "pk": 224, "fields": {"usn": "2SD23CS089", "name": "RAMYA DEVIDAS RAIKAR", "email": "ramyadevidasraikar@gmail.com", "department": "Computer Science", "semester": 2}}, {"model": "seating.student", "pk": 225, "fields": {"usn": "2SD23CS090", "name": "RASHMI ANANT GAONKAR", "email": "rashmianantgaonkar@gmail.com", "department": "Computer Science", "semester": 2}}, {"model": "seating.student", "pk": 226, "fields": {"usn": "2SD23CS091", "name": "ROHINI DAMODAR BHAT", "email": "rohinidamodarbhat@gmail.com", "department": "Computer Science", "semester": 2}}, {"model": "seating.student", "pk": 227, "fields": {"usn": "2SD23CS092", "name": "ROHIT BHAJANTRI", "email": "rohitbhajantri@gmail.com", "department": "Computer Science", "semester": 2}}, {"model": "seating.student", "pk": 228, "fields": {"usn": "2SD23CS093", "name": "ROHIT CHANDRAGOUDA PATIL", "email": "rohitchandragoudapatil@gmail.com", "department": "Computer Science", "semester": 2}}, {"model": "seating.student", "pk": 229, "fields": {"usn": "2SD23CS094", "name": "RUCHI CHANDRAKANT VAJRAMATTI", "email": "ruchichandrakantvajramatti@gmail.com", "department": "Computer Science", "semester": 2}}, {"model": "seating.student", "pk": 230, "fields": {"usn": "2SD23CS095", "name": "RUTHVIK JANAMATTI", "email": "ruthvikjanamatti@gmail.com", "department": "Computer Science", "semester": 2}}, {"model": "seating.student", "pk": 231, "fields": {"usn": "2SD23CS096", "name": "SACHIN VASANT PARANJAPE", "email": "sachinvasantparanjape@gmail.com", "department": "Computer Science", "semester": 2}}, {"model": "seating.student", "pk": 232, "fields": {"usn": "2SD23CS097", "name": "SAGAR MAHALINGAPPA KADAKABANVI", "email": "sagarmahalingappakadakabanvi@gmail.com", "department": "Computer Science", "semester": 2}}, {"model": "seating.student", "pk": 233, "fields": {"usn": "2SD23CS098", "name": "SAHANA SHAMBHULING MAHALINGAPU", "email": "sahanashambhulingmahalingapu@gmail.com", "department": "Computer Science", "semester": 2}}, {"model": "seating.student", "pk": 234, "fields": {"usn": "2SD23CS099", "name": "SAMANVITHA", "email": "samanvitha@gmail.com", "department": "Computer Science", "semester": 2}}, {"model": "seating.student", "pk": 235, "fields": {"usn": "2SD23CS100", "name": "SANJANA GOPAL WADDAR", "email": "sanjanagopalwaddar@gmail.com", "department": "Computer Science", "semester": 2}}, {"model": "seating.student", "pk": 236, "fields": {"usn": "2SD23CS101", "name": "SANJANA R KURUBAGOND", "email": "sanjanarkurubagond@gmail.com", "department": "Computer Science", "semester": 2}}, {"model": "seating.student", "pk": 237, "fields": {"usn": "2SD23CS102", "name": "SANVI S RASHINKAR", "email": "sanvisrashinkar@gmail.com", "department": "Computer Science", "semester": 2}}, {"model": "seating.student", "pk": 238, "fields": {"usn": "2SD23CS103", "name": "SATWIK KALABURGI", "email": "satwikkalaburgi@gmail.com", "department": "Computer Science", "semester": 2}}, {"model": "seating.student", "pk": 239, "fields": {"usn": "2SD23CS104", "name": "SHARADHI S GODKHINDI", "email": "sharadhisgodkhindi@gmail.com", "department": "Computer Science", "semester": 2}}, {"model": "seating.student", "pk": 240, "fields": {"usn": "2SD23CS105", "name": "SHRADDHA SHIVANAND KOLLI", "email": "shraddhashivanandkolli@gmail.com", "department": "Computer Science", "semester": 2}}, {"model": "seating.student", "pk": 241, "fields": {"usn": "2SD23CS106", "name": "SHRADHA SANJAY CHOUGULE", "email": "shradhasanjaychougule@gmail.com", "department": "Computer Science", "semester": 2}}, {"model": "seating.student", "pk": 242, "fields": {"usn": "2SD23CS107", "name": "SHREYA RAJAYOGINDRA KUNDANAHALLI", "email": "shreyarajayogindrakundanahalli@gmail.com", "department": "Computer Science", "semester": 2}}, {"model": "seating.student", "pk": 243, "fields": {"usn": "2SD23CS108", "name": "SHREYA S MAHALINGSHETTI", "email": "shreyasmahalingshetti@gmail.com", "department": "Computer Science", "semester": 2}}, {"model": "seating.student", "pk": 244, "fields": {"usn": "2SD23CS109", "name": "SHRIDEVI GIRISH KAMAKERI", "email": "shridevigirishkamakeri@gmail.com", "department": "Computer Science", "semester": 2}}, {"model": "seating.student", "pk": 245, "fields": {"usn": "2SD23CS110", "name": "SHRIKANTH S SANAGOUDAR", "email": "shrikanthssanagoudar@gmail.com", "department": "Computer Science", "semester": 2}}, {"model": "seating.student", "pk": 246, "fields": {"usn": "2SD23CS111", "name": "SIDRAMAPPA RAMAKRISHNA HALANNA", "email": "sidramapparamakrishnahalanna@gmail.com", "department": "Computer Science", "semester": 2}}, {"model": "seating.student", "pk": 247, "fields": {"usn": "2SD23CS112", "name": "SINGH SAMEER SANTOSHKUMAR", "email": "singhsameersantoshkumar@gmail.com", "department": "Computer Science", "semester": 2}}, {"model": "seating.student", "pk": 248, "fields": {"usn": "2SD23CS113", "name": "SMRITI GUTTI", "email": "smritigutti@gmail.com", "department": "Computer Science", "semester": 2}}, {"model": "seating.student", "pk": 249, "fields": {"usn": "2SD23CS114", "name": "SOHAN M GAONKAR", "email": "sohanmgaonkar@gmail.com", "department": "Computer Science", "semester": 2}}, {"model": "seating.student", "pk": 250, "fields": {"usn": "2SD23CS115", "name": "SPANDANA V", "email": "spandanav@gmail.com", "department": "Computer Science", "semester": 2}}, {"model": "seating.student", "pk": 251, "fields": {"usn": "2SD23CS116", "name": "SPOORTI YALLAPPA KADAM", "email": "spoortiyallappakadam@gmail.com", "department": "Computer Science", "semester": 2}}, {"model": "seating.student", "pk": 252, "fields": {"usn": "2SD23CS117", "name": "SUHANI SURESH PATRIMATH", "email": "suhanisureshpatrimath@gmail.com", "department": "Computer Science", "semester": 2}}, {"model": "seating.student", "pk": 253, "fields": {"usn": "2SD23CS118", "name": "SUJAL RAGHAVENDRA JARTARGHAR", "email": "sujalraghavendrajartarghar@gmail.com", "department": "Computer Science", "semester": 2}}, {"model": "seating.student", "pk": 254, "fields": {"usn": "2SD23CS119", "name": "SUMANGALA S SIPOY", "email": "sumangalassipoy@gmail.com", "department": "Computer Science", "semester": 2}}, {"model": "seating.student", "pk": 255, "fields": {"usn": "2SD23CS120", "name": "SUSHMITA PATIL", "email": "sushmitapatil@gmail.com", "department": "Computer Science", "semester": 2}}, {"model": "seating.student", "pk": 256, "fields": {"usn": "2SD23CS121", "name": "SWATI K MADAPUR", "email": "swatikmadapur@gmail.com", "department": "Computer Science", "semester": 2}}, {"model": "seating.student", "pk": 257, "fields": {"usn": "2SD23CS122", "name": "TANUSHA", "email": "tanusha@gmail.com", "department": "Computer Science", "semester": 2}}, {"model": "seating.student", "pk": 258, "fields": {"usn": "2SD23CS123", "name": "TARUNKUMAR CHIDANAND BONGALE", "email": "tarunkumarchidanandbongale@gmail.com", "department": "Computer Science", "semester": 2}}, {"model": "seating.student", "pk": 259, "fields": {"usn": "2SD23CS124", "name": "TEJAS NAGARAJ MIRASHI", "email": "tejasnagarajmirashi@gmail.com", "department": "Computer Science", "semester": 2}}, {"model": "seating.student", "pk": 260, "fields": {"usn": "2SD23CS125", "name": "TEJASHWINI KURTAKOTI", "email": "tejaswinikurtakoti@gmail.com", "department": "Computer Science", "semester": 2}}, {"model": "seating.student", "pk": 261, "fields": {"usn": "2SD23CS126", "name": "U MAHATI", "email": "umahati@gmail.com", "department": "Computer Science", "semester": 2}}, {"model": "seating.student", "pk": 262, "fields": {"usn": "2SD23CS127", "name": "VAIBHAV B HIREGOUDAR", "email": "vaibhavbhiregoudar@gmail.com", "department": "Computer Science", "semester": 2}}, {"model": "seating.student", "pk": 263, "fields": {"usn": "2SD23CS128", "name": "VARSHA M KUMBAR", "email": "varshamkumbar@gmail.com", "department": "Computer Science", "semester": 2}}, {"model": "seating.student", "pk": 264, "fields": {"usn": "2SD23CS129", "name": "VIJAYALAXMI S BENGERI", "email": "vijayalaxmisbengeri@gmail.com", "department": "Computer Science", "semester": 2}}, {"model": "seating.student", "pk": 265, "fields": {"usn": "2SD23CS130", "name": "VIKAS VIJAY HARTI", "email": "vikasvijayharti@gmail.com", "department": "Computer Science", "semester": 2}}, {"model": "seating.student", "pk": 266, "fields": {"usn": "2SD23CS131", "name": "VINAY C AGADI", "email": "vinaycagadi@gmail.com", "department": "Computer Science", "semester": 2}}, {"model": "seating.student", "pk": 267, "fields": {"usn": "2SD23CS132", "name": "VINAYAK SHIRUR", "email": "vinayakshirur@gmail.com", "department": "Computer Science", "semester": 2}}, {"model": "seating.student", "pk": 268, "fields": {"usn": "2SD23CS133", "name": "VISHAKHA CHARGOTRA", "email": "vishakhachargotra@gmail.com", "department": "Computer Science", "semester": 2}}, {"model": "seating.student", "pk": 269, "fields": {"usn": "2SD23CS134", "name": "YASHASWI K KULKARNI", "email": "yashaswikkulkarni@gmail.com", "department": "Computer Science", "semester": 2}}, {"model": "seating.student", "pk": 270, "fields": {"usn": "2SD23CS135", "name": "YASHWITHA P DEVARAGUDDA", "email": "yashwithapdevaragudda@gmail.com", "department": "Computer Science", "semester": 2}}, {"model": "seating.student", "pk": 271, "fields": {"usn": "2SD23CS136", "name": "YUKTA YOGENDRA BHAT", "email": "yuktayogendrabhat@gmail.com", "department": "Computer Science", "semester": 2}}, {"model": "seating.student", "pk": 272, "fields": {"usn": "2SD23CS137", "name": "ZAHID RASHID BHAT", "email": "zahidrashidbhat@gmail.com", "department": "Computer Science", "semester": 2}}, {"model": "seating.student", "pk": 273, "fields": {"usn": "2SD23CS138", "name": "DARSHANA DEVIDAS KANDURKAR", "email": "darshanadevidaskandurkar@gmail.com", "department": "Computer Science", "semester": 2}}, {"model": "seating.student", "pk": 274, "fields": {"usn": "2SD23CS139", "name": "HARISH SHRIDHAR PULASKAR", "email": "harishshridharpulaskar@gmail.com", "department": "Computer Science", "semester": 2}}, {"model": "seating.student", "pk": 275, "fields": {"usn": "2SD23CS140", "name": "HRISHIKESH V KADDIYAVAR", "email": "hrishikeshvkaddiyavar@gmail.com", "department": "Computer Science", "semester": 2}}, {"model": "seating.student", "pk": 276, "fields": {"usn": "2SD23CS141", "name": "JAYALAXMI R JAYAWADAGI", "email": "jayalaxmirjayawadagi@gmail.com", "department": "Computer Science", "semester": 2}}, {"model": "seating.student", "pk": 277, "fields": {"usn": "2SD23CS142", "name": "KIFAYAT AYOUB", "email": "kifayatayoub@gmail.com", "department": "Computer Science", "semester": 2}}, {"model": "seating.student", "pk": 278, "fields": {"usn": "2SD23CS143", "name": "RAKSHITA SHIVASHANKARAYYA CHIK", "email": "rakshitashivashankarayyachik@gmail.com", "department": "Computer Science", "semester": 2}}, {"model": "seating.student", "pk": 279, "fields": {"usn": "2SD23CS144", "name": "RUKSAR JAFFAR SAYED", "email": "ruksarjaffarsayed@gmail.com", "department": "Computer Science", "semester": 2}}, {"model": "seating.student", "pk": 280, "fields": {"usn": "2SD22CS001", "name": "ABDUL BASITH MULLA", "email": "abdulbasithmulla@gmail.com", "department": "Computer Science", "semester": 3}}, {"model": "seating.student", "pk": 281, "fields": {"usn": "2SD22CS002", "name": "ABHILASH ARUN JAMBAGI", "email": "abhilasharunjambagi@gmail.com", "department": "Computer Science", "semester": 3}}, {"model": "seating.student", "pk": 282, "fields": {"usn": "2SD22CS003", "name": "ABHISHEK BASUTKAR", "email": "abhishekbasutkar@gmail.com", "department": "Computer Science", "semester": 3}}, {"model": "seating.student", "pk": 283, "fields": {"usn": "2SD22CS004", "name": "ABHISHEK KALLAPPA SHEBANNAVAR", "email": "abhishekkallappashebannavar@gmail.com", "department": "Computer Science", "semester": 3}}, {"model": "seating.student", "pk": 284, "fields": {"usn": "2SD22CS005", "name": "ABHISHEK KALLIGUDD", "email": "abhishekkalligudd@gmail.com", "department": "Computer Science", "semester": 3}}, {"model": "seating.student", "pk": 285, "fields": {"usn": "2SD22CS006", "name": "ABHISHEK M TODURKAR", "email": "abhishekmtodurkar@gmail.com", "department": "Computer Science", "semester": 3}}, {"model": "seating.student", "pk": 286, "fields": {"usn": "2SD22CS007", "name": "AISHWARYA", "email": "aishwarya@gmail.com", "department": "Computer Science", "semester": 3}}, {"model": "seating.student", "pk": 287, "fields": {"usn": "2SD22CS008", "name": "AKHIL A INAMDAR", "email": "akhilainamdar@gmail.com", "department": "Computer Science", "semester": 3}}, {"model": "seating.student", "pk": 288, "fields": {"usn": "2SD22CS009", "name": "AKSHAY SHIVALINGAYYA KABBURAMA", "email": "akshayshivalingayyakabburama@gmail.com", "department": "Computer Science", "semester": 3}}, {"model": "seating.student", "pk": 289, "fields": {"usn": "2SD22CS010", "name": "ANANTNAG KUMBAR", "email": "anantnagkumbar@gmail.com", "department": "Computer Science", "semester": 3}}, {"model": "seating.student", "pk": 290, "fields": {"usn": "2SD22CS011", "name": "ANANYA DAYANAND PRABHU", "email": "ananyadayanandprabhu@gmail.com", "department": "Computer Science", "semester": 3}}, {"model": "seating.student", "pk": 291, "fields": {"usn": "2SD22CS012", "name": "ANANYA UMESH GAONKAR", "email": "ananyaumeshgaonkar@gmail.com", "department": "Computer Science", "semester": 3}}, {"model": "seating.student", "pk": 292, "fields": {"usn": "2SD22CS013", "name": "ANKITH S NAIK", "email": "ankithsnaik@gmail.com", "department": "Computer Science", "semester": 3}}, {"model": "seating.student", "pk": 293, "fields": {"usn": "2SD22CS014", "name": "ANUSHA ANAND BENNAL", "email": "anushaanandbennal@gmail.com", "department": "Computer Science", "semester": 3}}, {"model": "seating.student", "pk": 294, "fields": {"usn": "2SD22CS015", "name": "ANUSHA UMAMAHESHWAR HEGDE", "email": "anushaumamaheshwarhegde@gmail.com", "department": "Computer Science", "semester": 3}}, {"model": "seating.student", "pk": 295, "fields": {"usn": "2SD22CS016", "name": "ARCHIT A SHETTY", "email": "architashetty@gmail.com", "department": "Computer Science", "semester": 3}}, {"model": "seating.student", "pk": 296, "fields": {"usn": "2SD22CS017", "name": "ARIEN IJARI", "email": "arienijari@gmail.com", "department": "Computer Science", "semester": 3}}, {"model": "seating.student", "pk": 297, "fields": {"usn": "2SD22CS018", "name": "AYEESHA BEPARI", "email": "ayeeshabepari@gmail.com", "department": "Computer Science", "semester": 3}}, {"model": "seating.student", "pk": 298, "fields": {"usn": "2SD22CS019", "name": "BHAVANA M HOTTIGOUDAR", "email": "bhavanamhottigoudar@gmail.com", "department": "Computer Science", "semester": 3}}, {"model": "seating.student", "pk": 299, "fields": {"usn": "2SD22CS020", "name": "CHAHIT BERHYA", "email": "chahitberhya@gmail.com", "department": "Computer Science", "semester": 3}}, {"model": "seating.student", "pk": 300, "fields": {"usn": "2SD22CS021", "name": "DARSHAN GOPAL CHAVAN", "email": "darshangopalchavan@gmail.com", "department": "Computer Science", "semester": 3}}, {"model": "seating.student", "pk": 301, "fields": {"usn": "2SD22CS022", "name": "DEEPAK KUMAR P S", "email": "deepakkumarps@gmail.com", "department": "Computer Science", "semester": 3}}, {"model": "seating.student", "pk": 302, "fields": {"usn": "2SD22CS023", "name": "ESHWARI NAGESH PUNAGE", "email": "eshwarinageshpunage@gmail.com", "department": "Computer Science", "semester": 3}}, {"model": "seating.student", "pk": 303, "fields": {"usn": "2SD22CS024", "name": "GANESH KAMBALIMATH", "email": "ganeshkambalimath@gmail.com", "department": "Computer Science", "semester": 3}}, {"model": "seating.student", "pk": 304, "fields": {"usn": "2SD22CS025", "name": "GAYATRI A CHAVADANNAVAR", "email": "gayatriachavadannavar@gmail.com", "department": "Computer Science", "semester": 3}}, {"model": "seating.student", "pk": 305, "fields": {"usn": "2SD22CS026", "name": "GOLU KUMAR", "email": "golukumar@gmail.com", "department": "Computer Science", "semester": 3}}, {"model": "seating.student", "pk": 306, "fields": {"usn": "2SD22CS027", "name": "GOURAV SALARIA", "email": "gouravsalaria@gmail.com", "department": "Computer Science", "semester": 3}}, {"model": "seating.student", "pk": 307, "fields": {"usn": "2SD22CS028", "name": "GOUSE AZAM", "email": "gouseazam@gmail.com", "department": "Computer Science", "semester": 3}}, {"model": "seating.student", "pk": 308, "fields": {"usn": "2SD22CS029", "name": "H MANSI", "email": "hmansi@gmail.com", "department": "Computer Science", "semester": 3}}, {"model": "seating.student", "pk": 309, "fields": {"usn": "2SD22CS030", "name": "HARSHITA MANTAGERI", "email": "harshitamantageri@gmail.com", "department": "Computer Science", "semester": 3}}, {"model": "seating.student", "pk": 310, "fields": {"usn": "2SD22CS031", "name": "HIMANSHU KUMAR", "email": "himanshukumar@gmail.com", "department": "Computer Science", "semester": 3}}, {"model": "seating.student", "pk": 311, "fields": {"usn": "2SD22CS032", "name": "JINENDRA TERADAL", "email": "jinendrateradal@gmail.com", "department": "Computer Science", "semester": 3}}, {"model": "seating.student", "pk": 312, "fields": {"usn": "2SD22CS033", "name": "JOY J MASCARENHAS", "email": "joyjmascarenhas@gmail.com", "department": "Computer Science", "semester": 3}}, {"model": "seating.student", "pk": 313, "fields": {"usn": "2SD22CS034", "name": "K K SAGAR", "email": "kksagar@gmail.com", "department": "Computer Science", "semester": 3}}, {"model": "seating.student", "pk": 314, "fields": {"usn": "2SD22CS035", "name": "K P PRARTHAN", "email": "kpprarthan@gmail.com", "department": "Computer Science", "semester": 3}}, {"model": "seating.student", "pk": 315, "fields": {"usn": "2SD22CS036", "name": "KARTIK PRABHU", "email": "kartikprabhu@gmail.com", "department": "Computer Science", "semester": 3}}, {"model": "seating.student", "pk": 316, "fields": {"usn": "2SD22CS037", "name": "KAVANA BOODAPPA BAGALAKOTI", "email": "kavanaboodappabagalakoti@gmail.com", "department": "Computer Science", "semester": 3}}, {"model": "seating.student", "pk": 317, "fields": {"usn": "2SD22CS038", "name": "KEERTHI NAIK", "email": "keerthinaik@gmail.com", "department": "Computer Science", "semester": 3}}, {"model": "seating.student", "pk": 318, "fields": {"usn": "2SD22CS039", "name": "KODEGANTI BHANU SHANKAR", "email": "kodegantibhanushankar@gmail.com", "department": "Computer Science", "semester": 3}}, {"model": "seating.student", "pk": 319, "fields": {"usn": "2SD22CS040", "name": "KRISHNA RAJENDRA YADAWAD", "email": "krishnarajendrayadawad@gmail.com", "department": "Computer Science", "semester": 3}}, {"model": "seating.student", "pk": 320, "fields": {"usn": "2SD22CS041", "name": "KUSHAAL N", "email": "kushaaln@gmail.com", "department": "Computer Science", "semester": 3}}, {"model": "seating.student", "pk": 321, "fields": {"usn": "2SD22CS042", "name": "LAKSHMI R S", "email": "lakshmirs@gmail.com", "department": "Computer Science", "semester": 3}}, {"model": "seating.student", "pk": 322, "fields": {"usn": "2SD22CS043", "name": "LALITKUMAR CHOUDHARY", "email": "lalitkumarchoudhary@gmail.com", "department": "Computer Science", "semester": 3}}, {"model": "seating.student", "pk": 323, "fields": {"usn": "2SD22CS044", "name": "M ROOPASHRI", "email": "mroopashri@gmail.com", "department": "Computer Science", "semester": 3}}, {"model": "seating.student", "pk": 324, "fields": {"usn": "2SD22CS045", "name": "MALLIKARJUN JAMAKHANDI", "email": "mallikarjunjamakhandi@gmail.com", "department": "Computer Science", "semester": 3}}, {"model": "seating.student", "pk": 325, "fields": {"usn": "2SD22CS046", "name": "MAMATA INGALAGI", "email": "mamataingalagi@gmail.com", "department": "Computer Science", "semester": 3}}, {"model": "seating.student", "pk": 326, "fields": {"usn": "2SD22CS047", "name": "MEGHA BADARLI", "email": "meghabadarli@gmail.com", "department": "Computer Science", "semester": 3}}, {"model": "seating.student", "pk": 327, "fields": {"usn": "2SD22CS048", "name": "NIVEDITA HIREMATH", "email": "niveditahiremath@gmail.com", "department": "Computer Science", "semester": 3}}, {"model": "seating.student", "pk": 328, "fields": {"usn": "2SD22CS049", "name": "POORVIKA SHIVAYOGI CHAKKI", "email": "poorvikashivayogichakki@gmail.com", "department": "Computer Science", "semester": 3}}, {"model": "seating.student", "pk": 329, "fields": {"usn": "2SD22CS050", "name": "POOVAIAH N G", "email": "poovaiahng@gmail.com", "department": "Computer Science", "semester": 3}}, {"model": "seating.student", "pk": 330, "fields": {"usn": "2SD22CS051", "name": "PRAJWAL", "email": "prajwal@gmail.com", "department": "Computer Science", "semester": 3}}, {"model": "seating.student", "pk": 331, "fields": {"usn": "2SD22CS052", "name": "PRAJWAL N NEKAR", "email": "prajwalnnekar@gmail.com", "department": "Computer Science", "semester": 3}}, {"model": "seating.student", "pk": 332, "fields": {"usn": "2SD22CS053", "name": "PRAJWALAGOUDA S DALAWAI", "email": "prajwalagoudasdalawai@gmail.com", "department": "Computer Science", "semester": 3}}, {"model": "seating.student", "pk": 333, "fields": {"usn": "2SD22CS054", "name": "PRAMOD GANACHARI", "email": "pramodganachari@gmail.com", "department": "Computer Science", "semester": 3}}, {"model": "seating.student", "pk": 334, "fields": {"usn": "2SD22CS055", "name": "PRAMOD HIREMATH", "email": "pramodhiremath@gmail.com", "department": "Computer Science", "semester": 3}}, {"model": "seating.student", "pk": 335, "fields": {"usn": "2SD22CS056", "name": "PRASANNA G PATTANASHETTI", "email": "prasannagpattanashetti@gmail.com", "department": "Computer Science", "semester": 3}}, {"model": "seating.student", "pk": 336, "fields": {"usn": "2SD22CS057", "name": "PRATEEK PANDARIKAR", "email": "prateekpandarikar@gmail.com", "department": "Computer Science", "semester": 3}}, {"model": "seating.student", "pk": 337, "fields": {"usn": "2SD22CS058", "name": "PRATHAM MANABASANNANAVAR", "email": "prathammanabasannanavar@gmail.com", "department": "Computer Science", "semester": 3}}, {"model": "seating.student", "pk": 338, "fields": {"usn": "2SD22CS059", "name": "PRATHAMESH PRAKASH PAI", "email": "prathameshprakashpai@gmail.com", "department": "Computer Science", "semester": 3}}, {"model": "seating.student", "pk": 339, "fields": {"usn": "2SD22CS060", "name": "VRUSHABH S UPADHYE", "email": "vrushabhsupadhye@gmail.com", "department": "Computer Science", "semester": 3}}, {"model": "seating.student", "pk": 340, "fields": {"usn": "2SD22CS061", "name": "NEHA VITHOB NAYAK", "email": "nehavithobnayak@gmail.com", "department": "Computer Science", "semester": 3}}, {"model": "seating.student", "pk": 341, "fields": {"usn": "2SD22CS062", "name": "POOJA SHEKHARAGOUDA", "email": "poojashekharagouda@gmail.com", "department": "Computer Science", "semester": 3}}, {"model": "seating.student", "pk": 342, "fields": {"usn": "2SD22CS063", "name": "ADITYA SUPREETH TEEKINAVAR", "email": "adityasupreethteekinavar@gmail.com", "department": "Computer Science", "semester": 3}}, {"model": "seating.student", "pk": 343, "fields": {"usn": "2SD22CS064", "name": "AMBIKA THABBASA CHAVAN", "email": "ambikathabbasachavan@gmail.com", "department": "Computer Science", "semester": 3}}, {"model": "seating.student", "pk": 344, "fields": {"usn": "2SD22CS065", "name": "GOURAV SHANKARAPPA KURTAKOTI", "email": "gouravshankarappakurtakoti@gmail.com", "department": "Computer Science", "semester": 3}}, {"model": "seating.student", "pk": 345, "fields": {"usn": "2SD22CS066", "name": "NIKHIL SHANKRAPPA HEGADI", "email": "nikhilshankrappahegadi@gmail.com", "department": "Computer Science", "semester": 3}}, {"model": "seating.student", "pk": 346, "fields": {"usn": "2SD22CS067", "name": "PUNARVASU SHETAKE", "email": "punarvasushetake@gmail.com", "department": "Computer Science", "semester": 3}}, {"model": "seating.student", "pk": 347, "fields": {"usn": "2SD22CS068", "name": "SMITAL SANJAY KAGINKAR", "email": "smitalsanjaykaginkar@gmail.com", "department": "Computer Science", "semester": 3}}, {"model": "seating.student", "pk": 348, "fields": {"usn": "2SD22CS069", "name": "VENKATESH RAO S", "email": "venkateshraos@gmail.com", "department": "Computer Science", "semester": 3}}, {"model": "seating.student", "pk": 349, "fields": {"usn": "2SD22CS070", "name": "PRAVEENKUMAR S KAJJER", "email": "praveenkumarskajjer@gmail.com", "department": "Computer Science", "semester": 3}}, {"model": "seating.student", "pk": 350, "fields": {"usn": "2SD22CS071", "name": "PREETIKA PANALKAR", "email": "preetikapanalkar@gmail.com", "department": "Computer Science", "semester": 3}}, {"model": "seating.student", "pk": 351, "fields": {"usn": "2SD22CS072", "name": "R V VISHNU KARTHIK", "email": "rvvishnukarthik@gmail.com", "department": "Computer Science", "semester": 3}}, {"model": "seating.student", "pk": 352, "fields": {"usn": "2SD22CS073", "name": "RAKSHA P ALAGUNDAGI", "email": "rakshapalagundagi@gmail.com", "department": "Computer Science", "semester": 3}}, {"model": "seating.student", "pk": 353, "fields": {"usn": "2SD22CS074", "name": "RAMAKRISHNA", "email": "ramakrishna@gmail.com", "department": "Computer Science", "semester": 3}}, {"model": "seating.student", "pk": 354, "fields": {"usn": "2SD22CS075", "name": "RITESH ASHOK CHAVAN", "email": "riteshashokchavan@gmail.com", "department": "Computer Science", "semester": 3}}, {"model": "seating.student", "pk": 355, "fields": {"usn": "2SD22CS076", "name": "RITESH VENKATESH PATIL", "email": "riteshvenkateshpatil@gmail.com", "department": "Computer Science", "semester": 3}}, {"model": "seating.student", "pk": 356, "fields": {"usn": "2SD22CS077", "name": "ROHAN R BAGALAKOT", "email": "rohanrbagalakot@gmail.com", "department": "Computer Science", "semester": 3}}, {"model": "seating.student", "pk": 357, "fields": {"usn": "2SD22CS078", "name": "ROHIT M HALAPPANAVAR", "email": "rohitmhalappanavar@gmail.com", "department": "Computer Science", "semester": 3}}, {"model": "seating.student", "pk": 358, "fields": {"usn": "2SD22CS079", "name": "ROHIT V BADI", "email": "rohitvbadi@gmail.com", "department": "Computer Science", "semester": 3}}, {"model": "seating.student", "pk": 359, "fields": {"usn": "2SD22CS080", "name": "ROHIT VENKATESH KULKARNI", "email": "rohitvenkateshkulkarni@gmail.com", "department": "Computer Science", "semester": 3}}, {"model": "seating.student", "pk": 360, "fields": {"usn": "2SD22CS081", "name": "RONAK N PATEL", "email": "ronaknpatel@gmail.com", "department": "Computer Science", "semester": 3}}, {"model": "seating.student", "pk": 361, "fields": {"usn": "2SD22CS082", "name": "RUCHITA R JADHAV", "email": "ruchitarjadhav@gmail.com", "department": "Computer Science", "semester": 3}}, {"model": "seating.student", "pk": 362, "fields": {"usn": "2SD22CS083", "name": "SACHIN KALLAPPA BADIGER", "email": "sachinkallappabadiger@gmail.com", "department": "Computer Science", "semester": 3}}, {"model": "seating.student", "pk": 363, "fields": {"usn": "2SD22CS084", "name": "SAGAR RATHOD", "email": "sagarrathod@gmail.com", "department": "Computer Science", "semester": 3}}, {"model": "seating.student", "pk": 364, "fields": {"usn": "2SD22CS085", "name": "SAKSHI S K", "email": "sakshisk@gmail.com", "department": "Computer Science", "semester": 3}}, {"model": "seating.student", "pk": 365, "fields": {"usn": "2SD22CS086", "name": "SALI SAMIKSHA NITIN", "email": "salisamikshanitin@gmail.com", "department": "Computer Science", "semester": 3}}, {"model": "seating.student", "pk": 366, "fields": {"usn": "2SD22CS087", "name": "SAMARTH S METI", "email": "samarthsmeti@gmail.com", "department": "Computer Science", "semester": 3}}, {"model": "seating.student", "pk": 367, "fields": {"usn": "2SD22CS088", "name": "SAMIKSHA PATTAN", "email": "samikshapattan@gmail.com", "department": "Computer Science", "semester": 3}}, {"model": "seating.student", "pk": 368, "fields": {"usn": "2SD22CS089", "name": "SAMIKSHA SANDEEP NAIK", "email": "samikshasandeepnaik@gmail.com", "department": "Computer Science", "semester": 3}}, {"model": "seating.student", "pk": 369, "fields": {"usn": "2SD22CS090", "name": "SANJANA U KABNUR", "email": "sanjanaukabnur@gmail.com", "department": "Computer Science", "semester": 3}}, {"model": "seating.student", "pk": 370, "fields": {"usn": "2SD22CS091", "name": "SANJAY KRISHNAMURTHY SHET", "email": "sanjaykrishnamurthyshet@gmail.com", "department": "Computer Science", "semester": 3}}, {"model": "seating.student", "pk": 371, "fields": {"usn": "2SD22CS092", "name": "SANMATI NARAGUND", "email": "sanmatinaragund@gmail.com", "department": "Computer Science", "semester": 3}}, {"model": "seating.student", "pk": 372, "fields": {"usn": "2SD22CS093", "name": "SANVI M NAYAK", "email": "sanvimnayak@gmail.com", "department": "Computer Science", "semester": 3}}, {"model": "seating.student", "pk": 373, "fields": {"usn": "2SD22CS094", "name": "SATYABHODHA S BELAGALI", "email": "satyabhodhasbelagali@gmail.com", "department": "Computer Science", "semester": 3}}, {"model": "seating.student", "pk": 374, "fields": {"usn": "2SD22CS095", "name": "SHANKARGOUDA FAKIRGOUDA VENKAN", "email": "shankargoudafakirgoudavenkan@gmail.com", "department": "Computer Science", "semester": 3}}, {"model": "seating.student", "pk": 375, "fields": {"usn": "2SD22CS096", "name": "SHANKRAVVA CHANDRASHEKHAR MAYA", "email": "shankravvachandrashekharmaya@gmail.com", "department": "Computer Science", "semester": 3}}, {"model": "seating.student", "pk": 376, "fields": {"usn": "2SD22CS097", "name": "SHEKHAR M DODDAMANI", "email": "shekharmdoddamani@gmail.com", "department": "Computer Science", "semester": 3}}, {"model": "seating.student", "pk": 377, "fields": {"usn": "2SD22CS098", "name": "SHRADHA S NAIK", "email": "shradhasnaik@gmail.com", "department": "Computer Science", "semester": 3}}, {"model": "seating.student", "pk": 378, "fields": {"usn": "2SD22CS099", "name": "SHRAVYA J POOJARI", "email": "shravyajpoojari@gmail.com", "department": "Computer Science", "semester": 3}}, {"model": "seating.student", "pk": 379, "fields": {"usn": "2SD22CS100", "name": "SHRAVYA N", "email": "shravyan@gmail.com", "department": "Computer Science", "semester": 3}}, {"model": "seating.student", "pk": 380, "fields": {"usn": "2SD22CS101", "name": "SHREYA RAVI BUDIHAL", "email": "shreyaravibudihal@gmail.com", "department": "Computer Science", "semester": 3}}, {"model": "seating.student", "pk": 381, "fields": {"usn": "2SD22CS102", "name": "SHREYA V HIREMATH", "email": "shreyavhiremath@gmail.com", "department": "Computer Science", "semester": 3}}, {"model": "seating.student", "pk": 382, "fields": {"usn": "2SD22CS103", "name": "SHREYAS PRASHANT LALAGE", "email": "shreyasprashantlalage@gmail.com", "department": "Computer Science", "semester": 3}}, {"model": "seating.student", "pk": 383, "fields": {"usn": "2SD22CS104", "name": "SHRITEJ K V", "email": "shritejkv@gmail.com", "department": "Computer Science", "semester": 3}}, {"model": "seating.student", "pk": 384, "fields": {"usn": "2SD22CS105", "name": "SHYAM SURESH GHATAGE", "email": "shyamsureshghatage@gmail.com", "department": "Computer Science", "semester": 3}}, {"model": "seating.student", "pk": 385, "fields": {"usn": "2SD22CS106", "name": "SIDDHARTH SATISH BENDIGERI", "email": "siddharthsatishbendigeri@gmail.com", "department": "Computer Science", "semester": 3}}, {"model": "seating.student", "pk": 386, "fields": {"usn": "2SD22CS107", "name": "SIRISHA M KHAMITKAR", "email": "sirishamkhamitkar@gmail.com", "department": "Computer Science", "semester": 3}}, {"model": "seating.student", "pk": 387, "fields": {"usn": "2SD22CS108", "name": "SMRITI SHET", "email": "smritishet@gmail.com", "department": "Computer Science", "semester": 3}}, {"model": "seating.student", "pk": 388, "fields": {"usn": "2SD22CS109", "name": "SPOORTI BASAVARAJ BADIGER", "email": "spoortibasavarajbadiger@gmail.com", "department": "Computer Science", "semester": 3}}, {"model": "seating.student", "pk": 389, "fields": {"usn": "2SD22CS110", "name": "SRUSHTI ANILKUMAR PATTAR", "email": "srushtianilkumarpattar@gmail.com", "department": "Computer Science", "semester": 3}}, {"model": "seating.student", "pk": 390, "fields": {"usn": "2SD22CS111", "name": "SUHAS S SAMBARGI", "email": "suhasssambargi@gmail.com", "department": "Computer Science", "semester": 3}}, {"model": "seating.student", "pk": 391, "fields": {"usn": "2SD22CS112", "name": "SUJAY R BHAKRI", "email": "sujayrbhakri@gmail.com", "department": "Computer Science", "semester": 3}}, {"model": "seating.student", "pk": 392, "fields": {"usn": "2SD22CS113", "name": "SUMEDHA BAGALKOTI", "email": "sumedhabagalkoti@gmail.com", "department": "Computer Science", "semester": 3}}, {"model": "seating.student", "pk": 393, "fields": {"usn": "2SD22CS114", "name": "SUMPREETSING SUNILSING RAJAPUT", "email": "sumpreetsingsunilsingrajaput@gmail.com", "department": "Computer Science", "semester": 3}}, {"model": "seating.student", "pk": 394, "fields": {"usn": "2SD22CS115", "name": "SUPRIYA MALHARRAO KULKARNI", "email": "supriyamalharraokulkarni@gmail.com", "department": "Computer Science", "semester": 3}}, {"model": "seating.student", "pk": 395, "fields": {"usn": "2SD22CS116", "name": "SURABI MAHESH DANDANNAVAR", "email": "surabimaheshdandannavar@gmail.com", "department": "Computer Science", "semester": 3}}, {"model": "seating.student", "pk": 396, "fields": {"usn": "2SD22CS117", "name": "SURAJ MOHAN GUNAGI", "email": "surajmohangunagi@gmail.com", "department": "Computer Science", "semester": 3}}, {"model": "seating.student", "pk": 397, "fields": {"usn": "2SD22CS118", "name": "SUSHRITHA S SHETTY", "email": "sushrithasshetty@gmail.com", "department": "Computer Science", "semester": 3}}, {"model": "seating.student", "pk": 398, "fields": {"usn": "2SD22CS119", "name": "TEJAS C KALLUR", "email": "tejasckallur@gmail.com", "department": "Computer Science", "semester": 3}}, {"model": "seating.student", "pk": 399, "fields": {"usn": "2SD22CS120", "name": "TEJAS V SUNAGAR", "email": "tejasvsunagar@gmail.com", "department": "Computer Science", "semester": 3}}, {"model": "seating.student", "pk": 400, "fields": {"usn": "2SD22CS121", "name": "VAIBHAV MAHADEV SHIRUR", "email": "vaibhavmahadevshirur@gmail.com", "department": "Computer Science", "semester": 3}}, {"model": "seating.student", "pk": 401, "fields": {"usn": "2SD22CS122", "name": "VAIBHAVI A SHANBHAG", "email": "vaibhaviashanbhag@gmail.com", "department": "Computer Science", "semester": 3}}, {"model": "seating.student", "pk": 402, "fields": {"usn": "2SD22CS123", "name": "VAISHNAVI ARUN SHETTI", "email": "vaishnaviarunshetti@gmail.com", "department": "Computer Science", "semester": 3}}, {"model": "seating.student", "pk": 403, "fields": {"usn": "2SD22CS124", "name": "VARSHA", "email": "varsha@gmail.com", "department": "Computer Science", "semester": 3}}, {"model": "seating.student", "pk": 404, "fields": {"usn": "2SD22CS125", "name": "VINAYAK MAHADEVAPPA BELAVATAGI", "email": "vinayakmahadevappabelavatagi@gmail.com", "department": "Computer Science", "semester": 3}}, {"model": "seating.student", "pk": 405, "fields": {"usn": "2SD22CS126", "name": "VISHWA S HANSNUR", "email": "vishwashansnur@gmail.com", "department": "Computer Science", "semester": 3}}, {"model": "seating.student", "pk": 406, "fields": {"usn": "2SD22CS127", "name": "VISHWANATH NARAYAN KONARADDI", "email": "vishwanathnarayankonaraddi@gmail.com", "department": "Computer Science", "semester": 3}}, {"model": "seating.student", "pk": 407, "fields": {"usn": "2SD22CS128", "name": "YASEEN KHANPATHAN", "email": "yaseenkhanpathan@gmail.com", "department": "Computer Science", "semester": 3}}, {"model": "seating.student", "pk": 408, "fields": {"usn": "2SD22CS129", "name": "YOGESH PATIL", "email": "yogeshpatil@gmail.com", "department": "Computer Science", "semester": 3}}, {"model": "seating.student", "pk": 409, "fields": {"usn": "2SD22CS130", "name": "DARSHAN SAHADEVAPPA HOOLIKATTI", "email": "darshansahadevappahoolikatti@gmail.com", "department": "Computer Science", "semester": 3}}, {"model": "seating.student", "pk": 410, "fields": {"usn": "2SD22CS131", "name": "DARSHAN BASAVARAJ HALLIGUDI", "email": "darshanbasavarajhalligudi@gmail.com", "department": "Computer Science", "semester": 3}}, {"model": "seating.student", "pk": 411, "fields": {"usn": "2SD22CS132", "name": "GOUSIYABANU B BEEDI", "email": "gousiyabanubbeedi@gmail.com", "department": "Computer Science", "semester": 3}}, {"model": "seating.student", "pk": 412, "fields": {"usn": "2SD22CS133", "name": "KIRAN RAJENDRA BAKALE", "email": "kiranrajendrabakale@gmail.com", "department": "Computer Science", "semester": 3}}, {"model": "seating.student", "pk": 413, "fields": {"usn": "2SD22CS134", "name": "NANDA BASAVARAJ GADDAD", "email": "nandabasavarajgaddad@gmail.com", "department": "Computer Science", "semester": 3}}, {"model": "seating.student", "pk": 414, "fields": {"usn": "2SD22CS135", "name": "SHUSHANT M DHARWAD", "email": "shushantmdharwad@gmail.com", "department": "Computer Science", "semester": 3}}, {"model": "seating.classroom", "pk": 1, "fields": {"room_number": "22A", "benches": 36}}, {"model": "seating.classroom", "pk": 2, "fields": {"room_number": "22", "benches": 38}}, {"model": "seating.classroom", "pk": 3, "fields": {"room_number": "21", "benches": 35}}, {"model": "seating.classroom", "pk": 4, "fields": {"room_number": "19", "benches": 39}}, {"model": "seating.classroom", "pk": 5, "fields": {"room_number": "18", "benches": 35}}, {"model": "seating.classroom", "pk": 6, "fields": {"room_number": "20", "benches": 37}}, {"model": "seating.examday", "pk": 1, "fields": {"date": "2025-12-15"}}, {"model": "seating.examday", "pk": 2, "fields": {"date": "2025-12-16"}}, {"model": "seating.examday", "pk": 3, "fields": {"date": "2025-12-17"}}, {"model": "seating.examsubject", "pk": 1, "fields": {"semester": 2, "subject_name": "Database Management System"}}, {"model": "seating.examsubject", "pk": 2, "fields": {"semester": 2, "subject_name": "Computer Networks"}}, {"model": "seating.examsubject", "pk": 3, "fields": {"semester": 2, "subject_name": "Digital image processing"}}, {"model": "seating.examsubject", "pk": 4, "fields": {"semester": 2, "subject_name": "Software Engineering"}}, {"model": "seating.examsubject", "pk": 5, "fields": {"semester": 2, "subject_name": "Research Methodology and IPR"}}, {"model": "seating.examsubject", "pk": 6, "fields": {"semester": 2, "subject_name": "Environmental Studies"}}, {"model": "seating.examsubject", "pk": 7, "fields": {"semester": 1, "subject_name": "Data Structures And Applications"}}, {"model": "seating.examsubject", "pk": 8, "fields": {"semester": 1, "subject_name": "Engineering Mathematics - III"}}, {"model": "seating.examsubject", "pk": 9, "fields": {"semester": 1, "subject_name": "Digital Systems and Computer Architecture"}}, {"model": "seating.examsubject", "pk": 10, "fields": {"semester": 1, "subject_name": "Operating Systems"}}, {"model": "seating.examsubject", "pk": 11, "fields": {"semester": 1, "subject_name": "Discrete Structures in Computer Science"}}, {"model": "seating.examsubject", "pk": 12, "fields": {"semester": 1, "subject_name": "Universal Human Values - I"}}, {"model": "seating.examsubject", "pk": 13, "fields": {"semester": 3, "subject_name": "Cryptography and Network Security"}}, {"model": "seating.examsubject", "pk": 14, "fields": {"semester": 3, "subject_name": "Distributed System and Applications"}}, {"model": "seating.examsubject", "pk": 15, "fields": {"semester": 3, "subject_name": "Natural Language Processing"}}, {"model": "seating.examsubject", "pk": 16, "fields": {"semester": 3, "subject_name": "Software Testing"}}, {"model": "seating.examsubject", "pk": 17, "fields": {"semester": 3, "subject_name": "Blockchain Technology"}}, {"model": "seating.examschedule", "pk": 1, "fields": {"exam_day": 1, "subject": 1, "time_slot": "8:00 am - 9:00am"}}, {"model": "seating.examschedule", "pk": 2, "fields": {"exam_day": 1, "subject": 2, "time_slot": "11:00am - 12:00 pm"}}, {"model": "seating.examschedule", "pk": 3, "fields": {"exam_day": 1, "subject": 7, "time_slot": "8:00am - 9:00am"}}, {"model": "seating.examschedule", "pk": 4, "fields": {"exam_day": 1, "subject": 12, "time_slot": "11:00am - 12:00pm"}}, {"model": "seating.examschedule", "pk": 5, "fields": {"exam_day": 1, "subject": 8, "time_slot": "3:00pm - 4:00pm"}}, {"model": "seating.examschedule", "pk": 6, "fields": {"exam_day": 2, "subject": 3, "time_slot": "8:00am - 9:00am"}}, {"model": "seating.examschedule", "pk": 7, "fields": {"exam_day": 2, "subject": 4, "time_slot": "11:00am - 12:00pm"}}, {"model": "seating.examschedule", "pk": 8, "fields": {"exam_day": 2, "subject": 9, "time_slot": "8:00am - 9:00am"}}, {"model": "seating.examschedule", "pk": 9, "fields": {"exam_day": 2, "subject": 10, "time_slot": "11:00am - 12:00pm"}}, {"model": "seating.examschedule", "pk": 10, "fields": {"exam_day": 3, "subject": 5, "time_slot": "8:00am - 9:00am"}}, {"model": "seating.examschedule", "pk": 11, "fields": {"exam_day": 3, "subject": 6, "time_slot": "11:00am - 12:00pm"}}, {"model": "seating.examschedule", "pk": 12, "fields": {"exam_day": 3, "subject": 11, "time_slot": "8:00am - 9:00am"}}, {"model": "seating.examschedule", "pk": 13, "fields": {"exam_day": 1, "subject": 13, "time_slot": "10:00am - 11:00am"}}, {"model": "seating.examschedule", "pk": 14, "fields": {"exam_day": 1, "subject": 14, "time_slot": "2:00pm - 3:00pm"}}, {"model": "seating.examschedule", "pk": 15, "fields": {"exam_day": 2, "subject": 15, "time_slot": "10:am - 11:00am"}}, {"model": "seating.examschedule", "pk": 16, "fields": {"exam_day": 2, "subject": 16, "time_slot": "2:00pm - 3:00pm"}}, {"model": "seating.examschedule", "pk": 17, "fields": {"exam_day": 3, "subject": 17, "time_slot": "10:00am - 11:00am"}}]
